brand,model,model_date_start,model_date_end,type,type_date_start,type_date_end,kw,cv,category,product_line,part_number,diameter,thickness,height,width,number_of_holes,brake_disc_type,centering,min_thickness,tightening_torque,units_per_box,braking_system,wear_indicator,wva_number,fmsi,accessories,position,directional,length
CUPRA,"ATECA (KH7, KHP, KBP)",09/18,>,2.0 TSI 4Drive,09/18,>,221,300,Brake discs,Prime,09.A200.11,310mm,22mm,48mm,,5,Ventilated,65mm,20mm,120Nm,2,,,,,,,,
CUPRA,"ATECA (KH7, KHP, KBP)",09/18,>,2.0 TSI 4Drive,09/18,>,221,300,Brake discs,Xtra,09.A200.1X,310mm,22mm,48mm,,5,Ventilated,65mm,20mm,120Nm,2,,,,,,,,
CUPRA,"ATECA (KH7, KHP, KBP)",09/18,>,2.0 TSI 4Drive,09/18,>,221,300,Brake discs,Prime,09.C306.11,340mm,30mm,50mm,,5,Ventilated,65mm,27mm,,1,,,,,,,,
CUPRA,"ATECA (KH7, KHP, KBP)",09/18,>,2.0 TSI 4Drive,09/18,>,221,300,Brake discs,Xtra,09.C306.1X,340mm,30mm,50mm,,5,Ventilated,65mm,27mm,,1,,,,,,,,
CUPRA,"ATECA (KH7, KHP, KBP)",09/18,>,2.0 TSI 4Drive,09/18,>,221,300,Brake pads,Prime,P 85 159,,16mm,77mm,132mm,,,,,,,Brembo,Prepared for wear indicator,25145,,With anti-squeal shim,,Yes,
CUPRA,"ATECA (KH7, KHP, KBP)",09/18,>,2.0 TSI 4Drive,09/18,>,221,300,Brake pads,Prime Ceramic,P85159N,,16mm,77mm,132mm,,,,,,,Brembo,Prepared for wear indicator,25145,,With anti-squeal shim,,Yes,
CUPRA,"ATECA (KH7, KHP, KBP)",09/18,>,2.0 TSI 4Drive,09/18,>,221,300,Brake pads,Prime,P 85 144,,20mm,70mm,175mm,,,,,,,TRW,Electric,"24738, 25217",D1633 8849,With accessoriesWith anti-squeal shimWith brake caliper bolts,,Yes,
CUPRA,"ATECA (KH7, KHP, KBP)",09/18,>,2.0 TSI 4Drive,09/18,>,221,300,Brake pads,Prime Ceramic,P85144N,,20mm,70mm,175mm,,,,,,,TRW,Electric,"24738, 25217",D1633 8849,With accessoriesWith anti-squeal shimWith brake caliper bolts,,Yes,
CUPRA,"ATECA (KH7, KHP, KBP)",09/18,>,2.0 TSI 4Drive,09/18,>,221,300,Brake pads,Xtra,P 85 144X,,20mm,70mm,175mm,,,,,,,TRW,Electric,"24738, 25217",D1633 8849,With accessoriesWith anti-squeal shimWith brake caliper bolts,,Yes,
CUPRA,"ATECA (KH7, KHP, KBP)",09/18,>,2.0 TSI 4Drive,09/18,>,221,300,Brake pads,Prime,P 85 124,,16mm,56 - 61mm,123mm,,,,,,,Teves,Without,"25009, 25011",D1761 8996,With accessoriesWith anti-squeal shim,,,
CUPRA,"ATECA (KH7, KHP, KBP)",09/18,>,2.0 TSI 4Drive,09/18,>,221,300,Brake pads,Prime Ceramic,P85124N,,16mm,56 - 61mm,123mm,,,,,,,Teves,Without,"25009, 25011",D1761 8996,With accessoriesWith anti-squeal shim,,,
CUPRA,"ATECA (KH7, KHP, KBP)",09/18,>,2.0 TSI 4Drive,09/18,>,221,300,Brake pads,Xtra,P 85 124X,,16mm,56 - 61mm,123mm,,,,,,,Teves,Without,"25009, 25011",D1761 8996,With accessoriesWith anti-squeal shim,,,
CUPRA,"ATECA (KH7, KHP, KBP)",09/18,>,2.0 TSI 4Drive,09/18,>,221,300,Brake pads,Xtra Ceramic,P85124NX,,16mm,56 - 61mm,123mm,,,,,,,Teves,Without,"25009, 25011",D1761 8996,With accessoriesWith anti-squeal shim,,,
CUPRA,"ATECA (KH7, KHP, KBP)",09/18,>,Wear indicator,09/18,>,221,300,Brake pad accessories,Prime,A 00 492,,,,,,,,,,,,,,,,,,170mm
CUPRA,"ATECA (KH7, KHP, KBP)",09/18,>,2.0 TSI 4Drive,06/23,>,140,190,Brake discs,Prime,09.A200.11,310mm,22mm,48mm,,5,Ventilated,65mm,20mm,120Nm,2,,,,,,,,
CUPRA,"ATECA (KH7, KHP, KBP)",09/18,>,2.0 TSI 4Drive,06/23,>,140,190,Brake discs,Xtra,09.A200.1X,310mm,22mm,48mm,,5,Ventilated,65mm,20mm,120Nm,2,,,,,,,,
CUPRA,"ATECA (KH7, KHP, KBP)",09/18,>,2.0 TSI 4Drive,06/23,>,140,190,Brake discs,Prime,09.C306.11,340mm,30mm,50mm,,5,Ventilated,65mm,27mm,,1,,,,,,,,
CUPRA,"ATECA (KH7, KHP, KBP)",09/18,>,2.0 TSI 4Drive,06/23,>,140,190,Brake discs,Xtra,09.C306.1X,340mm,30mm,50mm,,5,Ventilated,65mm,27mm,,1,,,,,,,,
CUPRA,"ATECA (KH7, KHP, KBP)",09/18,>,2.0 TSI 4Drive,06/23,>,140,190,Brake pads,Prime,P 85 126,,20mm,65mm,160mm,,,,,,,TRW,Electric,"25683, 25684",D1760 8989,With accessoriesWith anti-squeal shimWith brake caliper bolts,,Yes,
CUPRA,"ATECA (KH7, KHP, KBP)",09/18,>,2.0 TSI 4Drive,06/23,>,140,190,Brake pads,Prime Ceramic,P85126N,,20mm,65mm,160mm,,,,,,,TRW,Electric,"25683, 25684",D1760 8989,With accessoriesWith anti-squeal shimWith brake caliper bolts,,Yes,
CUPRA,"ATECA (KH7, KHP, KBP)",09/18,>,2.0 TSI 4Drive,06/23,>,140,190,Brake pads,Xtra,P 85 126X,,20mm,65mm,160mm,,,,,,,TRW,Electric,"25683, 25684",D1760 8989,With accessoriesWith anti-squeal shimWith brake caliper bolts,,Yes,
CUPRA,"ATECA (KH7, KHP, KBP)",09/18,>,2.0 TSI 4Drive,06/23,>,140,190,Brake pads,Prime,P 85 144,,20mm,70mm,175mm,,,,,,,TRW,Electric,"24738, 25217",D1633 8849,With accessoriesWith anti-squeal shimWith brake caliper bolts,,Yes,
CUPRA,"ATECA (KH7, KHP, KBP)",09/18,>,2.0 TSI 4Drive,06/23,>,140,190,Brake pads,Prime Ceramic,P85144N,,20mm,70mm,175mm,,,,,,,TRW,Electric,"24738, 25217",D1633 8849,With accessoriesWith anti-squeal shimWith brake caliper bolts,,Yes,
CUPRA,"ATECA (KH7, KHP, KBP)",09/18,>,2.0 TSI 4Drive,06/23,>,140,190,Brake pads,Xtra,P 85 144X,,20mm,70mm,175mm,,,,,,,TRW,Electric,"24738, 25217",D1633 8849,With accessoriesWith anti-squeal shimWith brake caliper bolts,,Yes,
CUPRA,"ATECA (KH7, KHP, KBP)",09/18,>,2.0 TSI 4Drive,06/23,>,140,190,Brake pads,Prime,P 85 125,,16mm,56 - 61mm,123mm,,,,,,,Teves,Without,"25008, 25010",D1761 8990,With accessoriesWith anti-squeal shim,,,
CUPRA,"ATECA (KH7, KHP, KBP)",09/18,>,2.0 TSI 4Drive,06/23,>,140,190,Brake pads,Prime Ceramic,P85125N,,16mm,56 - 61mm,123mm,,,,,,,Teves,Without,"25008, 25010",D1761 8990,With accessoriesWith anti-squeal shim,,,
CUPRA,"ATECA (KH7, KHP, KBP)",09/18,>,2.0 TSI 4Drive,06/23,>,140,190,Brake pads,Xtra,P 85 125X,,16mm,56 - 61mm,123mm,,,,,,,Teves,Without,"25008, 25010",D1761 8990,With accessoriesWith anti-squeal shim,,,
CUPRA,"ATECA (KH7, KHP, KBP)",09/18,>,Wear indicator,06/23,>,140,190,Brake pad accessories,Prime,A 00 492,,,,,,,,,,,,,,,,,,170mm
CUPRA,BORN (K11),08/21,>,77 e-boost,08/21,>,170,231,Brake pads,Beyond EV,P 85 195E,,15mm,66mm,134mm,,,,,,,,Electric,26408,,With accessoriesWith anti-squeal shimWith brake caliper bolts,,,,,
CUPRA,BORN (K11),08/21,>,77 e-boost,08/21,>,170,231,Brake pads,Prime Ceramic,P85195N,,15mm,66mm,134mm,,,,,,,,Acoustic,26408,D2401 9630,With anti-squeal shim,,,,,
CUPRA,BORN (K11),08/21,>,77 e-boost,08/21,>,170,231,Brake pads,Prime,P 85 192,,15mm,69mm,143mm,,,,,,,CBI,Electric,26416,,With accessoriesWith anti-squeal shimWith brake caliper bolts,,,,,
CUPRA,BORN (K11),08/21,>,77 e-boost,08/21,>,170,231,Brake pads,Prime Ceramic,P85192N,,15mm,69mm,143mm,,,,,,,CBI,Electric,26416,,With accessoriesWith anti-squeal shimWith brake caliper bolts,,,,,
CUPRA,BORN (K11),08/21,>,77 e-boost,08/21,>,170,231,Disc and Pad Kit,Beyond EV Kit,KT 08 043,340mm,15mm,69mm,143mm,9,Solid,65mm,"25,5mm",,4,CBI,Electric,26416,,With accessoriesWith anti-squeal shimWith brake caliper bolts,,340mm,27mm,09.E949.1E,P 85 192E
CUPRA,BORN (K11),08/21,>,77 e-boost,08/21,>,170,231,Disc and Pad Kit,Beyond EV Kit,KT 08 046,330mm,15mm,66mm,134mm,9,Solid,65mm,"21,5mm",,4,,Electric,26408,D2401 9630,With accessoriesWith anti-squeal shimWith brake caliper bolts,,330mm,23mm,09.E953.1E,P 85 195E
CUPRA,"FORMENTOR (KM7, KMP)",07/20,>,1.4 e-Hybrid,01/21,>,150,204,Brake discs,Prime,09.9772.11,312mm,25mm,50mm,,5,Ventilated,65mm,22mm,120Nm,2,,,,,,,,,,,,
CUPRA,"FORMENTOR (KM7, KMP)",07/20,>,1.4 e-Hybrid,01/21,>,150,204,Brake discs,Max,09.9772.75,312mm,25mm,50mm,,5,Ventilated,65mm,22mm,120Nm,2,,,,,,,,,,,,
CUPRA,"FORMENTOR (KM7, KMP)",07/20,>,1.4 e-Hybrid,01/21,>,150,204,Brake discs,Xtra,09.9772.1X,312mm,25mm,50mm,,5,Ventilated,65mm,22mm,120Nm,2,,,,,,,,,,,,
CUPRA,"FORMENTOR (KM7, KMP)",07/20,>,1.4 e-Hybrid,01/21,>,150,204,Brake discs,Sport,09.9772.1S,312mm,25mm,50mm,,5,Ventilated,65mm,22mm,120Nm,2,,,,,,,,,,,,
CUPRA,"FORMENTOR (KM7, KMP)",07/20,>,1.4 e-Hybrid,01/21,>,150,204,Brake discs,Prime,09.C306.11,340mm,30mm,50mm,,5,Ventilated,65mm,27mm,,1,,,,,,,,,,,,
CUPRA,"FORMENTOR (KM7, KMP)",07/20,>,1.4 e-Hybrid,01/21,>,150,204,Brake discs,Xtra,09.C306.1X,340mm,30mm,50mm,,5,Ventilated,65mm,27mm,,1,,,,,,,,,,,,
CUPRA,"FORMENTOR (KM7, KMP)",07/20,>,1.4 e-Hybrid,01/21,>,150,204,Brake discs,Prime,08.B413.11,272mm,10mm,48mm,,5,Solid,65mm,8mm,120Nm,2,,,,,,,,,,,,
CUPRA,"FORMENTOR (KM7, KMP)",07/20,>,1.4 e-Hybrid,01/21,>,150,204,Brake discs,Max,08.B413.75,272mm,10mm,48mm,,5,Solid,65mm,8mm,120Nm,2,,,,,,,,,,,,
CUPRA,"FORMENTOR (KM7, KMP)",07/20,>,1.4 e-Hybrid,01/21,>,150,204,Brake discs,Xtra,08.B413.1X,272mm,10mm,48mm,,5,Solid,65mm,8mm,120Nm,2,,,,,,,,,,,,
CUPRA,"FORMENTOR (KM7, KMP)",07/20,>,1.4 e-Hybrid,01/21,>,150,204,Brake pads,Prime,P 85 159,,16mm,77mm,132mm,,,,,,,Brembo,Prepared for wear indicator,25145,,With anti-squeal shim,,Yes,,,,,
CUPRA,"FORMENTOR (KM7, KMP)",07/20,>,1.4 e-Hybrid,01/21,>,150,204,Brake pads,Prime Ceramic,P85159N,,16mm,77mm,132mm,,,,,,,Brembo,Prepared for wear indicator,25145,,With anti-squeal shim,,Yes,,,,,
CUPRA,"FORMENTOR (KM7, KMP)",07/20,>,1.4 e-Hybrid,01/21,>,150,204,Disc and Pad Kit,Beyond EV Kit,KT 08 053,340mm,20mm,70mm,175mm,9,Solid,65mm,27mm,,4,TRW,Electric,"24738, 25217",D1633 8849,With accessoriesWith anti-squeal shimWith brake caliper bolts,,,340mm,30mm,09.C306.1E,P 85 144E,
CUPRA,"FORMENTOR (KM7, KMP)",07/20,>,1.4 e-Hybrid,01/21,>,150,204,Disc and Pad Kit,Beyond EV Kit,KT 08 079,272mm,16mm,52 - 57mm,123mm,9,Solid,65mm,8mm,,4,ATE,Without,"26303, 26304",,With anti-squeal shim,,,272mm,10mm,08.B413.1E,P 85 189E,
CUPRA,"FORMENTOR (KM7, KMP)",07/20,>,Wear indicator,01/21,>,150,204,Brake pad accessories,Prime,A 00 421,,,,,,,,,,,,,,,,,,,,,,370mm
CUPRA,"FORMENTOR (KM7, KMP)",07/20,>,Wear indicator,01/21,>,150,204,Brake pad accessories,Prime,A 00 492,,,,,,,,,,,,,,,,,,,,,,170mm
CUPRA,"FORMENTOR (KM7, KMP)",07/20,>,2.0 TSI,03/21,>,180,245,Brake discs,Prime,09.A200.11,310mm,22mm,48mm,,5,Ventilated,65mm,20mm,120Nm,2,,,,,,,,
CUPRA,"FORMENTOR (KM7, KMP)",07/20,>,2.0 TSI,03/21,>,180,245,Brake discs,Xtra,09.A200.1X,310mm,22mm,48mm,,5,Ventilated,65mm,20mm,120Nm,2,,,,,,,,
CUPRA,"FORMENTOR (KM7, KMP)",07/20,>,2.0 TSI,03/21,>,180,245,Brake discs,Prime,09.C306.11,340mm,30mm,50mm,,5,Ventilated,65mm,27mm,,1,,,,,,,,
CUPRA,"FORMENTOR (KM7, KMP)",07/20,>,2.0 TSI,03/21,>,180,245,Brake discs,Xtra,09.C306.1X,340mm,30mm,50mm,,5,Ventilated,65mm,27mm,,1,,,,,,,,
CUPRA,"FORMENTOR (KM7, KMP)",07/20,>,2.0 TSI,03/21,>,180,245,Brake pads,Prime,P 85 159,,16mm,77mm,132mm,,,,,,,Brembo,Prepared for wear indicator,25145,,With anti-squeal shim,,Yes,
CUPRA,"FORMENTOR (KM7, KMP)",07/20,>,2.0 TSI,03/21,>,180,245,Brake pads,Prime Ceramic,P85159N,,16mm,77mm,132mm,,,,,,,Brembo,Prepared for wear indicator,25145,,With anti-squeal shim,,Yes,
CUPRA,"FORMENTOR (KM7, KMP)",07/20,>,2.0 TSI,03/21,>,180,245,Brake pads,Prime,P 85 126,,20mm,65mm,160mm,,,,,,,TRW,Electric,"25683, 25684",D1760 8989,With accessoriesWith anti-squeal shimWith brake caliper bolts,,Yes,
CUPRA,"FORMENTOR (KM7, KMP)",07/20,>,2.0 TSI,03/21,>,180,245,Brake pads,Prime Ceramic,P85126N,,20mm,65mm,160mm,,,,,,,TRW,Electric,"25683, 25684",D1760 8989,With accessoriesWith anti-squeal shimWith brake caliper bolts,,Yes,
CUPRA,"FORMENTOR (KM7, KMP)",07/20,>,2.0 TSI,03/21,>,180,245,Brake pads,Xtra,P 85 126X,,20mm,65mm,160mm,,,,,,,TRW,Electric,"25683, 25684",D1760 8989,With accessoriesWith anti-squeal shimWith brake caliper bolts,,Yes,
CUPRA,"FORMENTOR (KM7, KMP)",07/20,>,2.0 TSI,03/21,>,180,245,Brake pads,Prime,P 85 144,,20mm,70mm,175mm,,,,,,,TRW,Electric,"24738, 25217",D1633 8849,With accessoriesWith anti-squeal shimWith brake caliper bolts,,Yes,
CUPRA,"FORMENTOR (KM7, KMP)",07/20,>,2.0 TSI,03/21,>,180,245,Brake pads,Prime Ceramic,P85144N,,20mm,70mm,175mm,,,,,,,TRW,Electric,"24738, 25217",D1633 8849,With accessoriesWith anti-squeal shimWith brake caliper bolts,,Yes,
CUPRA,"FORMENTOR (KM7, KMP)",07/20,>,2.0 TSI,03/21,>,180,245,Brake pads,Xtra,P 85 144X,,20mm,70mm,175mm,,,,,,,TRW,Electric,"24738, 25217",D1633 8849,With accessoriesWith anti-squeal shimWith brake caliper bolts,,Yes,
CUPRA,"FORMENTOR (KM7, KMP)",07/20,>,2.0 TSI,03/21,>,180,245,Brake pads,Prime,P 85 193,,18mm,78mm,178mm,,,,,,,TRW,Electric,20626,,With accessoriesWith anti-squeal shimWith brake caliper bolts,,,
CUPRA,"FORMENTOR (KM7, KMP)",07/20,>,2.0 TSI,03/21,>,180,245,Brake pads,Prime Ceramic,P85193N,,18mm,78mm,178mm,,,,,,,TRW,Electric,20626,,With accessoriesWith anti-squeal shimWith brake caliper bolts,,,
CUPRA,"FORMENTOR (KM7, KMP)",07/20,>,2.0 TSI,03/21,>,180,245,Brake pads,Prime,P 85 184,,16mm,58 - 56mm,123mm,,,,,,,ATE,Without,"26206, 26207",,With accessoriesWith anti-squeal shim,,,
CUPRA,"FORMENTOR (KM7, KMP)",07/20,>,2.0 TSI,03/21,>,180,245,Brake pads,Prime Ceramic,P85184N,,16mm,58 - 56mm,123mm,,,,,,,ATE,Without,"26206, 26207",,With accessoriesWith anti-squeal shim,,,
CUPRA,"FORMENTOR (KM7, KMP)",07/20,>,2.0 TSI,03/21,>,180,245,Brake pads,Prime,P 85 189,,16mm,52 - 57mm,123mm,,,,,,,ATE,Without,"26303, 26304",,With accessoriesWith anti-squeal shim,,,
CUPRA,"FORMENTOR (KM7, KMP)",07/20,>,2.0 TSI,03/21,>,180,245,Brake pads,Prime Ceramic,P85189N,,16mm,52 - 57mm,123mm,,,,,,,ATE,Without,"26303, 26304",,With accessoriesWith anti-squeal shim,,,
CUPRA,"FORMENTOR (KM7, KMP)",07/20,>,Wear indicator,03/21,>,180,245,Brake pad accessories,Prime,A 00 492,,,,,,,,,,,,,,,,,,170mm
CUPRA,"FORMENTOR (KM7, KMP)",07/20,>,2.0 TSI 4Drive,07/20,>,228,310,Brake discs,Prime,09.A200.11,310mm,22mm,48mm,,5,Ventilated,65mm,20mm,120Nm,2,,,,,,,,
CUPRA,"FORMENTOR (KM7, KMP)",07/20,>,2.0 TSI 4Drive,07/20,>,228,310,Brake discs,Xtra,09.A200.1X,310mm,22mm,48mm,,5,Ventilated,65mm,20mm,120Nm,2,,,,,,,,
CUPRA,"FORMENTOR (KM7, KMP)",07/20,>,2.0 TSI 4Drive,07/20,>,228,310,Brake discs,Prime,09.C306.11,340mm,30mm,50mm,,5,Ventilated,65mm,27mm,,1,,,,,,,,
CUPRA,"FORMENTOR (KM7, KMP)",07/20,>,2.0 TSI 4Drive,07/20,>,228,310,Brake discs,Xtra,09.C306.1X,340mm,30mm,50mm,,5,Ventilated,65mm,27mm,,1,,,,,,,,
CUPRA,"FORMENTOR (KM7, KMP)",07/20,>,2.0 TSI 4Drive,07/20,>,228,310,Brake discs,Prime,08.B413.11,272mm,10mm,48mm,,5,Solid,65mm,8mm,120Nm,2,,,,,,,,
CUPRA,"FORMENTOR (KM7, KMP)",07/20,>,2.0 TSI 4Drive,07/20,>,228,310,Brake discs,Max,08.B413.75,272mm,10mm,48mm,,5,Solid,65mm,8mm,120Nm,2,,,,,,,,
CUPRA,"FORMENTOR (KM7, KMP)",07/20,>,2.0 TSI 4Drive,07/20,>,228,310,Brake discs,Xtra,08.B413.1X,272mm,10mm,48mm,,5,Solid,65mm,8mm,120Nm,2,,,,,,,,
CUPRA,"FORMENTOR (KM7, KMP)",07/20,>,2.0 TSI 4Drive,07/20,>,228,310,Brake pads,Prime,P 85 159,,16mm,77mm,132mm,,,,,,,Brembo,Prepared for wear indicator,25145,,With anti-squeal shim,,Yes,
CUPRA,"FORMENTOR (KM7, KMP)",07/20,>,2.0 TSI 4Drive,07/20,>,228,310,Brake pads,Prime Ceramic,P85159N,,16mm,77mm,132mm,,,,,,,Brembo,Prepared for wear indicator,25145,,With anti-squeal shim,,Yes,
CUPRA,"FORMENTOR (KM7, KMP)",07/20,>,2.0 TSI 4Drive,07/20,>,228,310,Brake pads,Prime,P 85 126,,20mm,65mm,160mm,,,,,,,TRW,Electric,"25683, 25684",D1760 8989,With accessoriesWith anti-squeal shimWith brake caliper bolts,,Yes,
CUPRA,"FORMENTOR (KM7, KMP)",07/20,>,2.0 TSI 4Drive,07/20,>,228,310,Brake pads,Prime Ceramic,P85126N,,20mm,65mm,160mm,,,,,,,TRW,Electric,"25683, 25684",D1760 8989,With accessoriesWith anti-squeal shimWith brake caliper bolts,,Yes,
CUPRA,"FORMENTOR (KM7, KMP)",07/20,>,2.0 TSI 4Drive,07/20,>,228,310,Brake pads,Xtra,P 85 126X,,20mm,65mm,160mm,,,,,,,TRW,Electric,"25683, 25684",D1760 8989,With accessoriesWith anti-squeal shimWith brake caliper bolts,,Yes,
CUPRA,"FORMENTOR (KM7, KMP)",07/20,>,2.0 TSI 4Drive,07/20,>,228,310,Brake pads,Prime,P 85 144,,20mm,70mm,175mm,,,,,,,TRW,Electric,"24738, 25217",D1633 8849,With accessoriesWith anti-squeal shimWith brake caliper bolts,,Yes,
CUPRA,"FORMENTOR (KM7, KMP)",07/20,>,2.0 TSI 4Drive,07/20,>,228,310,Brake pads,Prime Ceramic,P85144N,,20mm,70mm,175mm,,,,,,,TRW,Electric,"24738, 25217",D1633 8849,With accessoriesWith anti-squeal shimWith brake caliper bolts,,Yes,
CUPRA,"FORMENTOR (KM7, KMP)",07/20,>,2.0 TSI 4Drive,07/20,>,228,310,Brake pads,Xtra,P 85 144X,,20mm,70mm,175mm,,,,,,,TRW,Electric,"24738, 25217",D1633 8849,With accessoriesWith anti-squeal shimWith brake caliper bolts,,Yes,
CUPRA,"FORMENTOR (KM7, KMP)",07/20,>,2.0 TSI 4Drive,07/20,>,228,310,Brake pads,Prime,P 85 193,,18mm,78mm,178mm,,,,,,,TRW,Electric,20626,,With accessoriesWith anti-squeal shimWith brake caliper bolts,,,
CUPRA,"FORMENTOR (KM7, KMP)",07/20,>,2.0 TSI 4Drive,07/20,>,228,310,Brake pads,Prime Ceramic,P85193N,,18mm,78mm,178mm,,,,,,,TRW,Electric,20626,,With accessoriesWith anti-squeal shimWith brake caliper bolts,,,
CUPRA,"FORMENTOR (KM7, KMP)",07/20,>,2.0 TSI 4Drive,07/20,>,228,310,Brake pads,Prime,P 85 184,,16mm,58 - 56mm,123mm,,,,,,,ATE,Without,"26206, 26207",,With accessoriesWith anti-squeal shim,,,
CUPRA,"FORMENTOR (KM7, KMP)",07/20,>,2.0 TSI 4Drive,07/20,>,228,310,Brake pads,Prime Ceramic,P85184N,,16mm,58 - 56mm,123mm,,,,,,,ATE,Without,"26206, 26207",,With accessoriesWith anti-squeal shim,,,
CUPRA,"FORMENTOR (KM7, KMP)",07/20,>,2.0 TSI 4Drive,07/20,>,228,310,Brake pads,Prime,P 85 189,,16mm,52 - 57mm,123mm,,,,,,,ATE,Without,"26303, 26304",,With accessoriesWith anti-squeal shim,,,
CUPRA,"FORMENTOR (KM7, KMP)",07/20,>,2.0 TSI 4Drive,07/20,>,228,310,Brake pads,Prime Ceramic,P85189N,,16mm,52 - 57mm,123mm,,,,,,,ATE,Without,"26303, 26304",,With accessoriesWith anti-squeal shim,,,
CUPRA,"FORMENTOR (KM7, KMP)",07/20,>,Wear indicator,07/20,>,228,310,Brake pad accessories,Prime,A 00 492,,,,,,,,,,,,,,,,,,170mm
CUPRA,"FORMENTOR (KM7, KMP)",07/20,>,2.0 TSI 4Drive,08/20,>,140,190,Brake discs,Prime,09.9772.11,312mm,25mm,50mm,,5,Ventilated,65mm,22mm,120Nm,2,,,,,,,,
CUPRA,"FORMENTOR (KM7, KMP)",07/20,>,2.0 TSI 4Drive,08/20,>,140,190,Brake discs,Max,09.9772.75,312mm,25mm,50mm,,5,Ventilated,65mm,22mm,120Nm,2,,,,,,,,
CUPRA,"FORMENTOR (KM7, KMP)",07/20,>,2.0 TSI 4Drive,08/20,>,140,190,Brake discs,Xtra,09.9772.1X,312mm,25mm,50mm,,5,Ventilated,65mm,22mm,120Nm,2,,,,,,,,
CUPRA,"FORMENTOR (KM7, KMP)",07/20,>,2.0 TSI 4Drive,08/20,>,140,190,Brake discs,Sport,09.9772.1S,312mm,25mm,50mm,,5,Ventilated,65mm,22mm,120Nm,2,,,,,,,,
CUPRA,"FORMENTOR (KM7, KMP)",07/20,>,2.0 TSI 4Drive,08/20,>,140,190,Brake discs,Prime,08.B413.11,272mm,10mm,48mm,,5,Solid,65mm,8mm,120Nm,2,,,,,,,,
CUPRA,"FORMENTOR (KM7, KMP)",07/20,>,2.0 TSI 4Drive,08/20,>,140,190,Brake discs,Max,08.B413.75,272mm,10mm,48mm,,5,Solid,65mm,8mm,120Nm,2,,,,,,,,
CUPRA,"FORMENTOR (KM7, KMP)",07/20,>,2.0 TSI 4Drive,08/20,>,140,190,Brake discs,Xtra,08.B413.1X,272mm,10mm,48mm,,5,Solid,65mm,8mm,120Nm,2,,,,,,,,
CUPRA,"FORMENTOR (KM7, KMP)",07/20,>,2.0 TSI 4Drive,08/20,>,140,190,Brake pads,Prime,P 85 159,,16mm,77mm,132mm,,,,,,,Brembo,Prepared for wear indicator,25145,,With anti-squeal shim,,Yes,
CUPRA,"FORMENTOR (KM7, KMP)",07/20,>,2.0 TSI 4Drive,08/20,>,140,190,Brake pads,Prime Ceramic,P85159N,,16mm,77mm,132mm,,,,,,,Brembo,Prepared for wear indicator,25145,,With anti-squeal shim,,Yes,
CUPRA,"FORMENTOR (KM7, KMP)",07/20,>,2.0 TSI 4Drive,08/20,>,140,190,Brake pads,Prime,P 85 126,,20mm,65mm,160mm,,,,,,,TRW,Electric,"25683, 25684",D1760 8989,With accessoriesWith anti-squeal shimWith brake caliper bolts,,Yes,
CUPRA,"FORMENTOR (KM7, KMP)",07/20,>,2.0 TSI 4Drive,08/20,>,140,190,Brake pads,Prime Ceramic,P85126N,,20mm,65mm,160mm,,,,,,,TRW,Electric,"25683, 25684",D1760 8989,With accessoriesWith anti-squeal shimWith brake caliper bolts,,Yes,
CUPRA,"FORMENTOR (KM7, KMP)",07/20,>,2.0 TSI 4Drive,08/20,>,140,190,Brake pads,Xtra,P 85 126X,,20mm,65mm,160mm,,,,,,,TRW,Electric,"25683, 25684",D1760 8989,With accessoriesWith anti-squeal shimWith brake caliper bolts,,Yes,
CUPRA,"FORMENTOR (KM7, KMP)",07/20,>,2.0 TSI 4Drive,08/20,>,140,190,Brake pads,Prime,P 85 144,,20mm,70mm,175mm,,,,,,,TRW,Electric,"24738, 25217",D1633 8849,With accessoriesWith anti-squeal shimWith brake caliper bolts,,Yes,
CUPRA,"FORMENTOR (KM7, KMP)",07/20,>,2.0 TSI 4Drive,08/20,>,140,190,Brake pads,Prime Ceramic,P85144N,,20mm,70mm,175mm,,,,,,,TRW,Electric,"24738, 25217",D1633 8849,With accessoriesWith anti-squeal shimWith brake caliper bolts,,Yes,
CUPRA,"FORMENTOR (KM7, KMP)",07/20,>,2.0 TSI 4Drive,08/20,>,140,190,Brake pads,Xtra,P 85 144X,,20mm,70mm,175mm,,,,,,,TRW,Electric,"24738, 25217",D1633 8849,With accessoriesWith anti-squeal shimWith brake caliper bolts,,Yes,
CUPRA,"FORMENTOR (KM7, KMP)",07/20,>,2.0 TSI 4Drive,08/20,>,140,190,Brake pads,Prime,P 85 193,,18mm,78mm,178mm,,,,,,,TRW,Electric,20626,,With accessoriesWith anti-squeal shimWith brake caliper bolts,,,
CUPRA,"FORMENTOR (KM7, KMP)",07/20,>,2.0 TSI 4Drive,08/20,>,140,190,Brake pads,Prime Ceramic,P85193N,,18mm,78mm,178mm,,,,,,,TRW,Electric,20626,,With accessoriesWith anti-squeal shimWith brake caliper bolts,,,
CUPRA,"FORMENTOR (KM7, KMP)",07/20,>,2.0 TSI 4Drive,08/20,>,140,190,Brake pads,Prime,P 85 184,,16mm,58 - 56mm,123mm,,,,,,,ATE,Without,"26206, 26207",,With accessoriesWith anti-squeal shim,,,
CUPRA,"FORMENTOR (KM7, KMP)",07/20,>,2.0 TSI 4Drive,08/20,>,140,190,Brake pads,Prime Ceramic,P85184N,,16mm,58 - 56mm,123mm,,,,,,,ATE,Without,"26206, 26207",,With accessoriesWith anti-squeal shim,,,
CUPRA,"FORMENTOR (KM7, KMP)",07/20,>,2.0 TSI 4Drive,08/20,>,140,190,Brake pads,Prime,P 85 189,,16mm,52 - 57mm,123mm,,,,,,,ATE,Without,"26303, 26304",,With accessoriesWith anti-squeal shim,,,
CUPRA,"FORMENTOR (KM7, KMP)",07/20,>,2.0 TSI 4Drive,08/20,>,140,190,Brake pads,Prime Ceramic,P85189N,,16mm,52 - 57mm,123mm,,,,,,,ATE,Without,"26303, 26304",,With accessoriesWith anti-squeal shim,,,
CUPRA,"FORMENTOR (KM7, KMP)",07/20,>,Wear indicator,08/20,>,140,190,Brake pad accessories,Prime,A 00 492,,,,,,,,,,,,,,,,,,170mm
CUPRA,"LEON (KL1, KU1, KUG)",09/20,>,1.4 e-HYBRID,09/20,>,150,204,Brake discs,Prime,09.9772.11,312mm,25mm,50mm,,5,Ventilated,65mm,22mm,120Nm,2,,,,,,,,,,,,
CUPRA,"LEON (KL1, KU1, KUG)",09/20,>,1.4 e-HYBRID,09/20,>,150,204,Brake discs,Max,09.9772.75,312mm,25mm,50mm,,5,Ventilated,65mm,22mm,120Nm,2,,,,,,,,,,,,
CUPRA,"LEON (KL1, KU1, KUG)",09/20,>,1.4 e-HYBRID,09/20,>,150,204,Brake discs,Xtra,09.9772.1X,312mm,25mm,50mm,,5,Ventilated,65mm,22mm,120Nm,2,,,,,,,,,,,,
CUPRA,"LEON (KL1, KU1, KUG)",09/20,>,1.4 e-HYBRID,09/20,>,150,204,Brake discs,Sport,09.9772.1S,312mm,25mm,50mm,,5,Ventilated,65mm,22mm,120Nm,2,,,,,,,,,,,,
CUPRA,"LEON (KL1, KU1, KUG)",09/20,>,1.4 e-HYBRID,09/20,>,150,204,Brake discs,Prime,09.A200.11,310mm,22mm,48mm,,5,Ventilated,65mm,20mm,120Nm,2,,,,,,,,,,,,
CUPRA,"LEON (KL1, KU1, KUG)",09/20,>,1.4 e-HYBRID,09/20,>,150,204,Brake discs,Xtra,09.A200.1X,310mm,22mm,48mm,,5,Ventilated,65mm,20mm,120Nm,2,,,,,,,,,,,,
CUPRA,"LEON (KL1, KU1, KUG)",09/20,>,1.4 e-HYBRID,09/20,>,150,204,Brake discs,Prime,09.C306.11,340mm,30mm,50mm,,5,Ventilated,65mm,27mm,,1,,,,,,,,,,,,
CUPRA,"LEON (KL1, KU1, KUG)",09/20,>,1.4 e-HYBRID,09/20,>,150,204,Brake discs,Xtra,09.C306.1X,340mm,30mm,50mm,,5,Ventilated,65mm,27mm,,1,,,,,,,,,,,,
CUPRA,"LEON (KL1, KU1, KUG)",09/20,>,1.4 e-HYBRID,09/20,>,150,204,Brake discs,Prime,08.B413.11,272mm,10mm,48mm,,5,Solid,65mm,8mm,120Nm,2,,,,,,,,,,,,
CUPRA,"LEON (KL1, KU1, KUG)",09/20,>,1.4 e-HYBRID,09/20,>,150,204,Brake discs,Max,08.B413.75,272mm,10mm,48mm,,5,Solid,65mm,8mm,120Nm,2,,,,,,,,,,,,
CUPRA,"LEON (KL1, KU1, KUG)",09/20,>,1.4 e-HYBRID,09/20,>,150,204,Brake discs,Xtra,08.B413.1X,272mm,10mm,48mm,,5,Solid,65mm,8mm,120Nm,2,,,,,,,,,,,,
CUPRA,"LEON (KL1, KU1, KUG)",09/20,>,1.4 e-HYBRID,09/20,>,150,204,Brake pads,Prime,P 85 159,,16mm,77mm,132mm,,,,,,,Brembo,Prepared for wear indicator,25145,,With anti-squeal shim,,Yes,,,,,
CUPRA,"LEON (KL1, KU1, KUG)",09/20,>,1.4 e-HYBRID,09/20,>,150,204,Brake pads,Prime Ceramic,P85159N,,16mm,77mm,132mm,,,,,,,Brembo,Prepared for wear indicator,25145,,With anti-squeal shim,,Yes,,,,,
CUPRA,"LEON (KL1, KU1, KUG)",09/20,>,1.4 e-HYBRID,09/20,>,150,204,Brake pads,Prime,P 85 182,,19mm,64mm,148mm,,,,,,,TRW,Electric,26169,,With accessoriesWith anti-squeal shimWith brake caliper bolts,,Yes,,,,,
CUPRA,"LEON (KL1, KU1, KUG)",09/20,>,1.4 e-HYBRID,09/20,>,150,204,Brake pads,Prime Ceramic,P85182N,,19mm,64mm,148mm,,,,,,,TRW,Electric,26169,,With accessoriesWith anti-squeal shimWith brake caliper bolts,,Yes,,,,,
CUPRA,"LEON (KL1, KU1, KUG)",09/20,>,1.4 e-HYBRID,09/20,>,150,204,Brake pads,Prime,P 85 126,,20mm,65mm,160mm,,,,,,,TRW,Electric,"25683, 25684",D1760 8989,With accessoriesWith anti-squeal shimWith brake caliper bolts,,Yes,,,,,
CUPRA,"LEON (KL1, KU1, KUG)",09/20,>,1.4 e-HYBRID,09/20,>,150,204,Brake pads,Prime Ceramic,P85126N,,20mm,65mm,160mm,,,,,,,TRW,Electric,"25683, 25684",D1760 8989,With accessoriesWith anti-squeal shimWith brake caliper bolts,,Yes,,,,,
CUPRA,"LEON (KL1, KU1, KUG)",09/20,>,1.4 e-HYBRID,09/20,>,150,204,Brake pads,Xtra,P 85 126X,,20mm,65mm,160mm,,,,,,,TRW,Electric,"25683, 25684",D1760 8989,With accessoriesWith anti-squeal shimWith brake caliper bolts,,Yes,,,,,
CUPRA,"LEON (KL1, KU1, KUG)",09/20,>,1.4 e-HYBRID,09/20,>,150,204,Brake pads,Prime,P 85 144,,20mm,70mm,175mm,,,,,,,TRW,Electric,"24738, 25217",D1633 8849,With accessoriesWith anti-squeal shimWith brake caliper bolts,,Yes,,,,,
CUPRA,"LEON (KL1, KU1, KUG)",09/20,>,1.4 e-HYBRID,09/20,>,150,204,Brake pads,Prime Ceramic,P85144N,,20mm,70mm,175mm,,,,,,,TRW,Electric,"24738, 25217",D1633 8849,With accessoriesWith anti-squeal shimWith brake caliper bolts,,Yes,,,,,
CUPRA,"LEON (KL1, KU1, KUG)",09/20,>,1.4 e-HYBRID,09/20,>,150,204,Brake pads,Xtra,P 85 144X,,20mm,70mm,175mm,,,,,,,TRW,Electric,"24738, 25217",D1633 8849,With accessoriesWith anti-squeal shimWith brake caliper bolts,,Yes,,,,,
CUPRA,"LEON (KL1, KU1, KUG)",09/20,>,1.4 e-HYBRID,09/20,>,150,204,Brake pads,Prime,P 85 184,,16mm,58 - 56mm,123mm,,,,,,,ATE,Without,"26206, 26207",,With accessoriesWith anti-squeal shim,,,,,,,
CUPRA,"LEON (KL1, KU1, KUG)",09/20,>,1.4 e-HYBRID,09/20,>,150,204,Brake pads,Prime Ceramic,P85184N,,16mm,58 - 56mm,123mm,,,,,,,ATE,Without,"26206, 26207",,With accessoriesWith anti-squeal shim,,,,,,,
CUPRA,"LEON (KL1, KU1, KUG)",09/20,>,1.4 e-HYBRID,09/20,>,150,204,Brake pads,Prime,P 85 189,,16mm,52 - 57mm,123mm,,,,,,,ATE,Without,"26303, 26304",,With accessoriesWith anti-squeal shim,,,,,,,
CUPRA,"LEON (KL1, KU1, KUG)",09/20,>,1.4 e-HYBRID,09/20,>,150,204,Brake pads,Prime Ceramic,P85189N,,16mm,52 - 57mm,123mm,,,,,,,ATE,Without,"26303, 26304",,With accessoriesWith anti-squeal shim,,,,,,,
CUPRA,"LEON (KL1, KU1, KUG)",09/20,>,1.4 e-HYBRID,09/20,>,150,204,Disc and Pad Kit,Beyond EV Kit,KT 08 079,272mm,16mm,52 - 57mm,123mm,9,Solid,65mm,8mm,,4,ATE,Without,"26303, 26304",,With anti-squeal shim,,,272mm,10mm,08.B413.1E,P 85 189E,
CUPRA,"LEON (KL1, KU1, KUG)",09/20,>,Wear indicator,09/20,>,150,204,Brake pad accessories,Prime,A 00 492,,,,,,,,,,,,,,,,,,,,,,170mm
CUPRA,"LEON (KL1, KU1, KUG)",09/20,>,1.5 eTSI,08/22,>,110,150,Brake discs,Prime,09.9145.11,288mm,25mm,50mm,,5,Ventilated,65mm,22mm,120Nm,2,,,,,,,,
CUPRA,"LEON (KL1, KU1, KUG)",09/20,>,1.5 eTSI,08/22,>,110,150,Brake discs,Max,09.9145.75,288mm,25mm,50mm,,5,Ventilated,65mm,22mm,120Nm,2,,,,,,,,
CUPRA,"LEON (KL1, KU1, KUG)",09/20,>,1.5 eTSI,08/22,>,110,150,Brake discs,Xtra,09.9145.1X,288mm,25mm,50mm,,5,Ventilated,65mm,22mm,120Nm,2,,,,,,,,
CUPRA,"LEON (KL1, KU1, KUG)",09/20,>,1.5 eTSI,08/22,>,110,150,Brake discs,Prime,08.B413.11,272mm,10mm,48mm,,5,Solid,65mm,8mm,120Nm,2,,,,,,,,
CUPRA,"LEON (KL1, KU1, KUG)",09/20,>,1.5 eTSI,08/22,>,110,150,Brake discs,Max,08.B413.75,272mm,10mm,48mm,,5,Solid,65mm,8mm,120Nm,2,,,,,,,,
CUPRA,"LEON (KL1, KU1, KUG)",09/20,>,1.5 eTSI,08/22,>,110,150,Brake discs,Xtra,08.B413.1X,272mm,10mm,48mm,,5,Solid,65mm,8mm,120Nm,2,,,,,,,,
CUPRA,"LEON (KL1, KU1, KUG)",09/20,>,1.5 eTSI,08/22,>,110,150,Brake pads,Prime,P 85 159,,16mm,77mm,132mm,,,,,,,Brembo,Prepared for wear indicator,25145,,With anti-squeal shim,,Yes,
CUPRA,"LEON (KL1, KU1, KUG)",09/20,>,1.5 eTSI,08/22,>,110,150,Brake pads,Prime Ceramic,P85159N,,16mm,77mm,132mm,,,,,,,Brembo,Prepared for wear indicator,25145,,With anti-squeal shim,,Yes,
CUPRA,"LEON (KL1, KU1, KUG)",09/20,>,1.5 eTSI,08/22,>,110,150,Brake pads,Prime,P 85 182,,19mm,64mm,148mm,,,,,,,TRW,Electric,26169,,With accessoriesWith anti-squeal shimWith brake caliper bolts,,Yes,
CUPRA,"LEON (KL1, KU1, KUG)",09/20,>,1.5 eTSI,08/22,>,110,150,Brake pads,Prime Ceramic,P85182N,,19mm,64mm,148mm,,,,,,,TRW,Electric,26169,,With accessoriesWith anti-squeal shimWith brake caliper bolts,,Yes,
CUPRA,"LEON (KL1, KU1, KUG)",09/20,>,1.5 eTSI,08/22,>,110,150,Brake pads,Prime,P 85 126,,20mm,65mm,160mm,,,,,,,TRW,Electric,"25683, 25684",D1760 8989,With accessoriesWith anti-squeal shimWith brake caliper bolts,,Yes,
CUPRA,"LEON (KL1, KU1, KUG)",09/20,>,1.5 eTSI,08/22,>,110,150,Brake pads,Prime Ceramic,P85126N,,20mm,65mm,160mm,,,,,,,TRW,Electric,"25683, 25684",D1760 8989,With accessoriesWith anti-squeal shimWith brake caliper bolts,,Yes,
CUPRA,"LEON (KL1, KU1, KUG)",09/20,>,1.5 eTSI,08/22,>,110,150,Brake pads,Xtra,P 85 126X,,20mm,65mm,160mm,,,,,,,TRW,Electric,"25683, 25684",D1760 8989,With accessoriesWith anti-squeal shimWith brake caliper bolts,,Yes,
CUPRA,"LEON (KL1, KU1, KUG)",09/20,>,1.5 eTSI,08/22,>,110,150,Brake pads,Prime,P 85 144,,20mm,70mm,175mm,,,,,,,TRW,Electric,"24738, 25217",D1633 8849,With accessoriesWith anti-squeal shimWith brake caliper bolts,,Yes,
CUPRA,"LEON (KL1, KU1, KUG)",09/20,>,1.5 eTSI,08/22,>,110,150,Brake pads,Prime Ceramic,P85144N,,20mm,70mm,175mm,,,,,,,TRW,Electric,"24738, 25217",D1633 8849,With accessoriesWith anti-squeal shimWith brake caliper bolts,,Yes,
CUPRA,"LEON (KL1, KU1, KUG)",09/20,>,1.5 eTSI,08/22,>,110,150,Brake pads,Xtra,P 85 144X,,20mm,70mm,175mm,,,,,,,TRW,Electric,"24738, 25217",D1633 8849,With accessoriesWith anti-squeal shimWith brake caliper bolts,,Yes,
CUPRA,"LEON (KL1, KU1, KUG)",09/20,>,1.5 eTSI,08/22,>,110,150,Brake pads,Prime,P 85 184,,16mm,58 - 56mm,123mm,,,,,,,ATE,Without,"26206, 26207",,With accessoriesWith anti-squeal shim,,,
CUPRA,"LEON (KL1, KU1, KUG)",09/20,>,1.5 eTSI,08/22,>,110,150,Brake pads,Prime Ceramic,P85184N,,16mm,58 - 56mm,123mm,,,,,,,ATE,Without,"26206, 26207",,With accessoriesWith anti-squeal shim,,,
CUPRA,"LEON (KL1, KU1, KUG)",09/20,>,1.5 eTSI,08/22,>,110,150,Brake pads,Prime,P 85 189,,16mm,52 - 57mm,123mm,,,,,,,ATE,Without,"26303, 26304",,With accessoriesWith anti-squeal shim,,,
CUPRA,"LEON (KL1, KU1, KUG)",09/20,>,1.5 eTSI,08/22,>,110,150,Brake pads,Prime Ceramic,P85189N,,16mm,52 - 57mm,123mm,,,,,,,ATE,Without,"26303, 26304",,With accessoriesWith anti-squeal shim,,,
CUPRA,"LEON (KL1, KU1, KUG)",09/20,>,Wear indicator,08/22,>,110,150,Brake pad accessories,Prime,A 00 492,,,,,,,,,,,,,,,,,,170mm
CUPRA,"LEON (KL1, KU1, KUG)",09/20,>,2.0 TSI,06/21,>,180,245,Brake discs,Prime,09.A200.11,310mm,22mm,48mm,,5,Ventilated,65mm,20mm,120Nm,2,,,,,,,,
CUPRA,"LEON (KL1, KU1, KUG)",09/20,>,2.0 TSI,06/21,>,180,245,Brake discs,Xtra,09.A200.1X,310mm,22mm,48mm,,5,Ventilated,65mm,20mm,120Nm,2,,,,,,,,
CUPRA,"LEON (KL1, KU1, KUG)",09/20,>,2.0 TSI,06/21,>,180,245,Brake discs,Prime,09.C306.11,340mm,30mm,50mm,,5,Ventilated,65mm,27mm,,1,,,,,,,,
CUPRA,"LEON (KL1, KU1, KUG)",09/20,>,2.0 TSI,06/21,>,180,245,Brake discs,Xtra,09.C306.1X,340mm,30mm,50mm,,5,Ventilated,65mm,27mm,,1,,,,,,,,
CUPRA,"LEON (KL1, KU1, KUG)",09/20,>,2.0 TSI,06/21,>,180,245,Brake pads,Prime,P 85 159,,16mm,77mm,132mm,,,,,,,Brembo,Prepared for wear indicator,25145,,With anti-squeal shim,,Yes,
CUPRA,"LEON (KL1, KU1, KUG)",09/20,>,2.0 TSI,06/21,>,180,245,Brake pads,Prime Ceramic,P85159N,,16mm,77mm,132mm,,,,,,,Brembo,Prepared for wear indicator,25145,,With anti-squeal shim,,Yes,
CUPRA,"LEON (KL1, KU1, KUG)",09/20,>,2.0 TSI,06/21,>,180,245,Brake pads,Prime,P 85 182,,19mm,64mm,148mm,,,,,,,TRW,Electric,26169,,With accessoriesWith anti-squeal shimWith brake caliper bolts,,Yes,
CUPRA,"LEON (KL1, KU1, KUG)",09/20,>,2.0 TSI,06/21,>,180,245,Brake pads,Prime Ceramic,P85182N,,19mm,64mm,148mm,,,,,,,TRW,Electric,26169,,With accessoriesWith anti-squeal shimWith brake caliper bolts,,Yes,
CUPRA,"LEON (KL1, KU1, KUG)",09/20,>,2.0 TSI,06/21,>,180,245,Brake pads,Prime,P 85 126,,20mm,65mm,160mm,,,,,,,TRW,Electric,"25683, 25684",D1760 8989,With accessoriesWith anti-squeal shimWith brake caliper bolts,,Yes,
CUPRA,"LEON (KL1, KU1, KUG)",09/20,>,2.0 TSI,06/21,>,180,245,Brake pads,Prime Ceramic,P85126N,,20mm,65mm,160mm,,,,,,,TRW,Electric,"25683, 25684",D1760 8989,With accessoriesWith anti-squeal shimWith brake caliper bolts,,Yes,
CUPRA,"LEON (KL1, KU1, KUG)",09/20,>,2.0 TSI,06/21,>,180,245,Brake pads,Xtra,P 85 126X,,20mm,65mm,160mm,,,,,,,TRW,Electric,"25683, 25684",D1760 8989,With accessoriesWith anti-squeal shimWith brake caliper bolts,,Yes,
CUPRA,"LEON (KL1, KU1, KUG)",09/20,>,2.0 TSI,06/21,>,180,245,Brake pads,Prime,P 85 144,,20mm,70mm,175mm,,,,,,,TRW,Electric,"24738, 25217",D1633 8849,With accessoriesWith anti-squeal shimWith brake caliper bolts,,Yes,
CUPRA,"LEON (KL1, KU1, KUG)",09/20,>,2.0 TSI,06/21,>,180,245,Brake pads,Prime Ceramic,P85144N,,20mm,70mm,175mm,,,,,,,TRW,Electric,"24738, 25217",D1633 8849,With accessoriesWith anti-squeal shimWith brake caliper bolts,,Yes,
CUPRA,"LEON (KL1, KU1, KUG)",09/20,>,2.0 TSI,06/21,>,180,245,Brake pads,Xtra,P 85 144X,,20mm,70mm,175mm,,,,,,,TRW,Electric,"24738, 25217",D1633 8849,With accessoriesWith anti-squeal shimWith brake caliper bolts,,Yes,
CUPRA,"LEON (KL1, KU1, KUG)",09/20,>,2.0 TSI,06/21,>,180,245,Brake pads,Prime,P 85 184,,16mm,58 - 56mm,123mm,,,,,,,ATE,Without,"26206, 26207",,With accessoriesWith anti-squeal shim,,,
CUPRA,"LEON (KL1, KU1, KUG)",09/20,>,2.0 TSI,06/21,>,180,245,Brake pads,Prime Ceramic,P85184N,,16mm,58 - 56mm,123mm,,,,,,,ATE,Without,"26206, 26207",,With accessoriesWith anti-squeal shim,,,
CUPRA,"LEON (KL1, KU1, KUG)",09/20,>,2.0 TSI,06/21,>,180,245,Brake pads,Prime,P 85 189,,16mm,52 - 57mm,123mm,,,,,,,ATE,Without,"26303, 26304",,With accessoriesWith anti-squeal shim,,,
CUPRA,"LEON (KL1, KU1, KUG)",09/20,>,2.0 TSI,06/21,>,180,245,Brake pads,Prime Ceramic,P85189N,,16mm,52 - 57mm,123mm,,,,,,,ATE,Without,"26303, 26304",,With accessoriesWith anti-squeal shim,,,
CUPRA,"LEON (KL1, KU1, KUG)",09/20,>,Wear indicator,06/21,>,180,245,Brake pad accessories,Prime,A 00 492,,,,,,,,,,,,,,,,,,170mm
CUPRA,"LEON (KL1, KU1, KUG)",09/20,>,2.0 TSI,09/22,>,140,190,Brake discs,Prime,09.9772.11,312mm,25mm,50mm,,5,Ventilated,65mm,22mm,120Nm,2,,,,,,,,
CUPRA,"LEON (KL1, KU1, KUG)",09/20,>,2.0 TSI,09/22,>,140,190,Brake discs,Max,09.9772.75,312mm,25mm,50mm,,5,Ventilated,65mm,22mm,120Nm,2,,,,,,,,
CUPRA,"LEON (KL1, KU1, KUG)",09/20,>,2.0 TSI,09/22,>,140,190,Brake discs,Xtra,09.9772.1X,312mm,25mm,50mm,,5,Ventilated,65mm,22mm,120Nm,2,,,,,,,,
CUPRA,"LEON (KL1, KU1, KUG)",09/20,>,2.0 TSI,09/22,>,140,190,Brake discs,Sport,09.9772.1S,312mm,25mm,50mm,,5,Ventilated,65mm,22mm,120Nm,2,,,,,,,,
CUPRA,"LEON (KL1, KU1, KUG)",09/20,>,2.0 TSI,09/22,>,140,190,Brake discs,Prime,08.B413.11,272mm,10mm,48mm,,5,Solid,65mm,8mm,120Nm,2,,,,,,,,
CUPRA,"LEON (KL1, KU1, KUG)",09/20,>,2.0 TSI,09/22,>,140,190,Brake discs,Max,08.B413.75,272mm,10mm,48mm,,5,Solid,65mm,8mm,120Nm,2,,,,,,,,
CUPRA,"LEON (KL1, KU1, KUG)",09/20,>,2.0 TSI,09/22,>,140,190,Brake discs,Xtra,08.B413.1X,272mm,10mm,48mm,,5,Solid,65mm,8mm,120Nm,2,,,,,,,,
CUPRA,"LEON (KL1, KU1, KUG)",09/20,>,2.0 TSI,09/22,>,140,190,Brake pads,Prime,P 85 159,,16mm,77mm,132mm,,,,,,,Brembo,Prepared for wear indicator,25145,,With anti-squeal shim,,Yes,
CUPRA,"LEON (KL1, KU1, KUG)",09/20,>,2.0 TSI,09/22,>,140,190,Brake pads,Prime Ceramic,P85159N,,16mm,77mm,132mm,,,,,,,Brembo,Prepared for wear indicator,25145,,With anti-squeal shim,,Yes,
CUPRA,"LEON (KL1, KU1, KUG)",09/20,>,2.0 TSI,09/22,>,140,190,Brake pads,Prime,P 85 182,,19mm,64mm,148mm,,,,,,,TRW,Electric,26169,,With accessoriesWith anti-squeal shimWith brake caliper bolts,,Yes,
CUPRA,"LEON (KL1, KU1, KUG)",09/20,>,2.0 TSI,09/22,>,140,190,Brake pads,Prime Ceramic,P85182N,,19mm,64mm,148mm,,,,,,,TRW,Electric,26169,,With accessoriesWith anti-squeal shimWith brake caliper bolts,,Yes,
CUPRA,"LEON (KL1, KU1, KUG)",09/20,>,2.0 TSI,09/22,>,140,190,Brake pads,Prime,P 85 126,,20mm,65mm,160mm,,,,,,,TRW,Electric,"25683, 25684",D1760 8989,With accessoriesWith anti-squeal shimWith brake caliper bolts,,Yes,
CUPRA,"LEON (KL1, KU1, KUG)",09/20,>,2.0 TSI,09/22,>,140,190,Brake pads,Prime Ceramic,P85126N,,20mm,65mm,160mm,,,,,,,TRW,Electric,"25683, 25684",D1760 8989,With accessoriesWith anti-squeal shimWith brake caliper bolts,,Yes,
CUPRA,"LEON (KL1, KU1, KUG)",09/20,>,2.0 TSI,09/22,>,140,190,Brake pads,Xtra,P 85 126X,,20mm,65mm,160mm,,,,,,,TRW,Electric,"25683, 25684",D1760 8989,With accessoriesWith anti-squeal shimWith brake caliper bolts,,Yes,
CUPRA,"LEON (KL1, KU1, KUG)",09/20,>,2.0 TSI,09/22,>,140,190,Brake pads,Prime,P 85 144,,20mm,70mm,175mm,,,,,,,TRW,Electric,"24738, 25217",D1633 8849,With accessoriesWith anti-squeal shimWith brake caliper bolts,,Yes,
CUPRA,"LEON (KL1, KU1, KUG)",09/20,>,2.0 TSI,09/22,>,140,190,Brake pads,Prime Ceramic,P85144N,,20mm,70mm,175mm,,,,,,,TRW,Electric,"24738, 25217",D1633 8849,With accessoriesWith anti-squeal shimWith brake caliper bolts,,Yes,
CUPRA,"LEON (KL1, KU1, KUG)",09/20,>,2.0 TSI,09/22,>,140,190,Brake pads,Xtra,P 85 144X,,20mm,70mm,175mm,,,,,,,TRW,Electric,"24738, 25217",D1633 8849,With accessoriesWith anti-squeal shimWith brake caliper bolts,,Yes,
CUPRA,"LEON (KL1, KU1, KUG)",09/20,>,2.0 TSI,09/22,>,140,190,Brake pads,Prime,P 85 184,,16mm,58 - 56mm,123mm,,,,,,,ATE,Without,"26206, 26207",,With accessoriesWith anti-squeal shim,,,
CUPRA,"LEON (KL1, KU1, KUG)",09/20,>,2.0 TSI,09/22,>,140,190,Brake pads,Prime Ceramic,P85184N,,16mm,58 - 56mm,123mm,,,,,,,ATE,Without,"26206, 26207",,With accessoriesWith anti-squeal shim,,,
CUPRA,"LEON (KL1, KU1, KUG)",09/20,>,2.0 TSI,09/22,>,140,190,Brake pads,Prime,P 85 189,,16mm,52 - 57mm,123mm,,,,,,,ATE,Without,"26303, 26304",,With accessoriesWith anti-squeal shim,,,
CUPRA,"LEON (KL1, KU1, KUG)",09/20,>,2.0 TSI,09/22,>,140,190,Brake pads,Prime Ceramic,P85189N,,16mm,52 - 57mm,123mm,,,,,,,ATE,Without,"26303, 26304",,With accessoriesWith anti-squeal shim,,,
CUPRA,"LEON (KL1, KU1, KUG)",09/20,>,Wear indicator,09/22,>,140,190,Brake pad accessories,Prime,A 00 492,,,,,,,,,,,,,,,,,,170mm
CUPRA,"LEON (KL1, KU1, KUG)",09/20,>,2.0 TSI VZ,01/21,>,221,300,Brake discs,Prime,09.A200.11,310mm,22mm,48mm,,5,Ventilated,65mm,20mm,120Nm,2,,,,,,,,
CUPRA,"LEON (KL1, KU1, KUG)",09/20,>,2.0 TSI VZ,01/21,>,221,300,Brake discs,Xtra,09.A200.1X,310mm,22mm,48mm,,5,Ventilated,65mm,20mm,120Nm,2,,,,,,,,
CUPRA,"LEON (KL1, KU1, KUG)",09/20,>,2.0 TSI VZ,01/21,>,221,300,Brake discs,Prime,09.C306.11,340mm,30mm,50mm,,5,Ventilated,65mm,27mm,,1,,,,,,,,
CUPRA,"LEON (KL1, KU1, KUG)",09/20,>,2.0 TSI VZ,01/21,>,221,300,Brake discs,Xtra,09.C306.1X,340mm,30mm,50mm,,5,Ventilated,65mm,27mm,,1,,,,,,,,
CUPRA,"LEON (KL1, KU1, KUG)",09/20,>,2.0 TSI VZ,01/21,>,221,300,Brake pads,Prime,P 85 159,,16mm,77mm,132mm,,,,,,,Brembo,Prepared for wear indicator,25145,,With anti-squeal shim,,Yes,
CUPRA,"LEON (KL1, KU1, KUG)",09/20,>,2.0 TSI VZ,01/21,>,221,300,Brake pads,Prime Ceramic,P85159N,,16mm,77mm,132mm,,,,,,,Brembo,Prepared for wear indicator,25145,,With anti-squeal shim,,Yes,
CUPRA,"LEON (KL1, KU1, KUG)",09/20,>,2.0 TSI VZ,01/21,>,221,300,Brake pads,Prime,P 85 182,,19mm,64mm,148mm,,,,,,,TRW,Electric,26169,,With accessoriesWith anti-squeal shimWith brake caliper bolts,,Yes,
CUPRA,"LEON (KL1, KU1, KUG)",09/20,>,2.0 TSI VZ,01/21,>,221,300,Brake pads,Prime Ceramic,P85182N,,19mm,64mm,148mm,,,,,,,TRW,Electric,26169,,With accessoriesWith anti-squeal shimWith brake caliper bolts,,Yes,
CUPRA,"LEON (KL1, KU1, KUG)",09/20,>,2.0 TSI VZ,01/21,>,221,300,Brake pads,Prime,P 85 126,,20mm,65mm,160mm,,,,,,,TRW,Electric,"25683, 25684",D1760 8989,With accessoriesWith anti-squeal shimWith brake caliper bolts,,Yes,
CUPRA,"LEON (KL1, KU1, KUG)",09/20,>,2.0 TSI VZ,01/21,>,221,300,Brake pads,Prime Ceramic,P85126N,,20mm,65mm,160mm,,,,,,,TRW,Electric,"25683, 25684",D1760 8989,With accessoriesWith anti-squeal shimWith brake caliper bolts,,Yes,
CUPRA,"LEON (KL1, KU1, KUG)",09/20,>,2.0 TSI VZ,01/21,>,221,300,Brake pads,Xtra,P 85 126X,,20mm,65mm,160mm,,,,,,,TRW,Electric,"25683, 25684",D1760 8989,With accessoriesWith anti-squeal shimWith brake caliper bolts,,Yes,
CUPRA,"LEON (KL1, KU1, KUG)",09/20,>,2.0 TSI VZ,01/21,>,221,300,Brake pads,Prime,P 85 144,,20mm,70mm,175mm,,,,,,,TRW,Electric,"24738, 25217",D1633 8849,With accessoriesWith anti-squeal shimWith brake caliper bolts,,Yes,
CUPRA,"LEON (KL1, KU1, KUG)",09/20,>,2.0 TSI VZ,01/21,>,221,300,Brake pads,Prime Ceramic,P85144N,,20mm,70mm,175mm,,,,,,,TRW,Electric,"24738, 25217",D1633 8849,With accessoriesWith anti-squeal shimWith brake caliper bolts,,Yes,
CUPRA,"LEON (KL1, KU1, KUG)",09/20,>,2.0 TSI VZ,01/21,>,221,300,Brake pads,Xtra,P 85 144X,,20mm,70mm,175mm,,,,,,,TRW,Electric,"24738, 25217",D1633 8849,With accessoriesWith anti-squeal shimWith brake caliper bolts,,Yes,
CUPRA,"LEON (KL1, KU1, KUG)",09/20,>,2.0 TSI VZ,01/21,>,221,300,Brake pads,Prime,P 85 184,,16mm,58 - 56mm,123mm,,,,,,,ATE,Without,"26206, 26207",,With accessoriesWith anti-squeal shim,,,
CUPRA,"LEON (KL1, KU1, KUG)",09/20,>,2.0 TSI VZ,01/21,>,221,300,Brake pads,Prime Ceramic,P85184N,,16mm,58 - 56mm,123mm,,,,,,,ATE,Without,"26206, 26207",,With accessoriesWith anti-squeal shim,,,
CUPRA,"LEON (KL1, KU1, KUG)",09/20,>,2.0 TSI VZ,01/21,>,221,300,Brake pads,Prime,P 85 189,,16mm,52 - 57mm,123mm,,,,,,,ATE,Without,"26303, 26304",,With accessoriesWith anti-squeal shim,,,
CUPRA,"LEON (KL1, KU1, KUG)",09/20,>,2.0 TSI VZ,01/21,>,221,300,Brake pads,Prime Ceramic,P85189N,,16mm,52 - 57mm,123mm,,,,,,,ATE,Without,"26303, 26304",,With accessoriesWith anti-squeal shim,,,
CUPRA,"LEON (KL1, KU1, KUG)",09/20,>,Wear indicator,01/21,>,221,300,Brake pad accessories,Prime,A 00 492,,,,,,,,,,,,,,,,,,170mm
CUPRA,"LEON Sportstourer (KL8, KU8, KUD)",09/20,>,VZ e-HYBRID,05/24,>,200,272,Brake discs,Prime,09.A200.11,310mm,22mm,48mm,,5,Ventilated,65mm,20mm,120Nm,2,,,,,,,,
CUPRA,"LEON Sportstourer (KL8, KU8, KUD)",09/20,>,VZ e-HYBRID,05/24,>,200,272,Brake discs,Xtra,09.A200.1X,310mm,22mm,48mm,,5,Ventilated,65mm,20mm,120Nm,2,,,,,,,,
CUPRA,"LEON Sportstourer (KL8, KU8, KUD)",09/20,>,VZ e-HYBRID,05/24,>,200,272,Brake discs,Prime,09.C306.11,340mm,30mm,50mm,,5,Ventilated,65mm,27mm,,1,,,,,,,,
CUPRA,"LEON Sportstourer (KL8, KU8, KUD)",09/20,>,VZ e-HYBRID,05/24,>,200,272,Brake discs,Xtra,09.C306.1X,340mm,30mm,50mm,,5,Ventilated,65mm,27mm,,1,,,,,,,,
CUPRA,"LEON Sportstourer (KL8, KU8, KUD)",09/20,>,VZ e-HYBRID,05/24,>,200,272,Brake pads,Prime,P 85 159,,16mm,77mm,132mm,,,,,,,Brembo,Prepared for wear indicator,25145,,With anti-squeal shim,,Yes,
CUPRA,"LEON Sportstourer (KL8, KU8, KUD)",09/20,>,VZ e-HYBRID,05/24,>,200,272,Brake pads,Prime Ceramic,P85159N,,16mm,77mm,132mm,,,,,,,Brembo,Prepared for wear indicator,25145,,With anti-squeal shim,,Yes,
CUPRA,"LEON Sportstourer (KL8, KU8, KUD)",09/20,>,VZ e-HYBRID,05/24,>,200,272,Brake pads,Prime,P 85 144,,20mm,70mm,175mm,,,,,,,TRW,Electric,"24738, 25217",D1633 8849,With accessoriesWith anti-squeal shimWith brake caliper bolts,,Yes,
CUPRA,"LEON Sportstourer (KL8, KU8, KUD)",09/20,>,VZ e-HYBRID,05/24,>,200,272,Brake pads,Prime Ceramic,P85144N,,20mm,70mm,175mm,,,,,,,TRW,Electric,"24738, 25217",D1633 8849,With accessoriesWith anti-squeal shimWith brake caliper bolts,,Yes,
CUPRA,"LEON Sportstourer (KL8, KU8, KUD)",09/20,>,VZ e-HYBRID,05/24,>,200,272,Brake pads,Xtra,P 85 144X,,20mm,70mm,175mm,,,,,,,TRW,Electric,"24738, 25217",D1633 8849,With accessoriesWith anti-squeal shimWith brake caliper bolts,,Yes,
CUPRA,"LEON Sportstourer (KL8, KU8, KUD)",09/20,>,VZ e-HYBRID,05/24,>,200,272,Brake pads,Prime,P 85 184,,16mm,58 - 56mm,123mm,,,,,,,ATE,Without,"26206, 26207",,With accessoriesWith anti-squeal shim,,,
CUPRA,"LEON Sportstourer (KL8, KU8, KUD)",09/20,>,VZ e-HYBRID,05/24,>,200,272,Brake pads,Prime Ceramic,P85184N,,16mm,58 - 56mm,123mm,,,,,,,ATE,Without,"26206, 26207",,With accessoriesWith anti-squeal shim,,,
CUPRA,"LEON Sportstourer (KL8, KU8, KUD)",09/20,>,Wear indicator,05/24,>,200,272,Brake pad accessories,Prime,A 00 492,,,,,,,,,,,,,,,,,,170mm
CUPRA,TAVASCAN (KR1),03/24,>,Endurance,03/24,>,210,286,Brake pads,Prime,P 85 194,,19mm,78mm,185mm,,,,,,,,Electric,26407,,With accessoriesWith anti-squeal shimWith brake caliper bolts,
CUPRA,TAVASCAN (KR1),03/24,>,Endurance,03/24,>,210,286,Brake pads,Prime Ceramic,P85194N,,19mm,78mm,185mm,,,,,,,,Electric,26407,,With accessoriesWith anti-squeal shimWith brake caliper bolts,
CUPRA,TAVASCAN (KR1),03/24,>,VZ 4Drive,03/24,>,250,340,Brake pads,Prime,P 85 194,,19mm,78mm,185mm,,,,,,,,Electric,26407,,With accessoriesWith anti-squeal shimWith brake caliper bolts,
CUPRA,TAVASCAN (KR1),03/24,>,VZ 4Drive,03/24,>,250,340,Brake pads,Prime Ceramic,P85194N,,19mm,78mm,185mm,,,,,,,,Electric,26407,,With accessoriesWith anti-squeal shimWith brake caliper bolts,
CUPRA,TERRAMAR (KP1),11/24,>,1.5 e-HYBRID VZ,11/24,>,200,272,Brake discs,Prime,09.A200.11,310mm,22mm,48mm,,5,Ventilated,65mm,20mm,120Nm,2,,,,,,,,
CUPRA,TERRAMAR (KP1),11/24,>,1.5 e-HYBRID VZ,11/24,>,200,272,Brake discs,Xtra,09.A200.1X,310mm,22mm,48mm,,5,Ventilated,65mm,20mm,120Nm,2,,,,,,,,
CUPRA,TERRAMAR (KP1),11/24,>,1.5 e-HYBRID VZ,11/24,>,200,272,Brake discs,Prime,09.C306.11,340mm,30mm,50mm,,5,Ventilated,65mm,27mm,,1,,,,,,,,
CUPRA,TERRAMAR (KP1),11/24,>,1.5 e-HYBRID VZ,11/24,>,200,272,Brake discs,Xtra,09.C306.1X,340mm,30mm,50mm,,5,Ventilated,65mm,27mm,,1,,,,,,,,
CUPRA,TERRAMAR (KP1),11/24,>,1.5 e-HYBRID VZ,11/24,>,200,272,Brake pads,Prime,P 85 165,,17mm,74mm,194mm,,,,,,,Akebono,Prepared for wear indicator,"25861, 25862","D1894 9122, D1894 9204",With accessoriesWith anti-squeal shim,,Yes,
CUPRA,TERRAMAR (KP1),11/24,>,1.5 e-HYBRID VZ,11/24,>,200,272,Brake pads,Prime Ceramic,P85165N,,17mm,74mm,194mm,,,,,,,Akebono,Prepared for wear indicator,"25861, 25862","D1894 9122, D1894 9204",With accessoriesWith anti-squeal shim,,Yes,
CUPRA,TERRAMAR (KP1),11/24,>,1.5 e-HYBRID VZ,11/24,>,200,272,Brake pads,Xtra,P 85 165X,,17mm,74mm,194mm,,,,,,,Akebono,Prepared for wear indicator,"25861, 25862","D1894 9122, D1894 9204",With accessoriesWith anti-squeal shim,,Yes,
CUPRA,TERRAMAR (KP1),11/24,>,1.5 e-HYBRID VZ,11/24,>,200,272,Brake pads,Xtra Ceramic,P85165NX,,17mm,74mm,194mm,,,,,,,Akebono,Prepared for wear indicator,"25861, 25862","D1894 9122, D1894 9204",With accessoriesWith anti-squeal shim,,Yes,
CUPRA,TERRAMAR (KP1),11/24,>,1.5 e-HYBRID VZ,11/24,>,200,272,Brake pads,Prime,P 85 184,,16mm,58 - 56mm,123mm,,,,,,,ATE,Without,"26206, 26207",,With accessoriesWith anti-squeal shim,,,
CUPRA,TERRAMAR (KP1),11/24,>,1.5 e-HYBRID VZ,11/24,>,200,272,Brake pads,Prime Ceramic,P85184N,,16mm,58 - 56mm,123mm,,,,,,,ATE,Without,"26206, 26207",,With accessoriesWith anti-squeal shim,,,
CUPRA,TERRAMAR (KP1),11/24,>,Wear indicator,11/24,>,200,272,Brake pad accessories,Prime,A 00 492,,,,,,,,,,,,,,,,,,170mm
CUPRA,TERRAMAR (KP1),11/24,>,1.5 eTSI,11/24,>,110,150,Brake discs,Prime,08.C501.11,300mm,12mm,48mm,,5,Solid,65mm,10mm,,2,,,,,,,,
CUPRA,TERRAMAR (KP1),11/24,>,1.5 eTSI,11/24,>,110,150,Brake discs,Max,08.C501.75,300mm,12mm,48mm,,5,Solid,65mm,10mm,,2,,,,,,,,
CUPRA,TERRAMAR (KP1),11/24,>,1.5 eTSI,11/24,>,110,150,Brake discs,Xtra,08.C501.1X,300mm,12mm,48mm,,5,Solid,65mm,10mm,,2,,,,,,,,
CUPRA,TERRAMAR (KP1),11/24,>,1.5 eTSI,11/24,>,110,150,Brake pads,Prime,P 85 165,,17mm,74mm,194mm,,,,,,,Akebono,Prepared for wear indicator,"25861, 25862","D1894 9122, D1894 9204",With accessoriesWith anti-squeal shim,,Yes,
CUPRA,TERRAMAR (KP1),11/24,>,1.5 eTSI,11/24,>,110,150,Brake pads,Prime Ceramic,P85165N,,17mm,74mm,194mm,,,,,,,Akebono,Prepared for wear indicator,"25861, 25862","D1894 9122, D1894 9204",With accessoriesWith anti-squeal shim,,Yes,
CUPRA,TERRAMAR (KP1),11/24,>,1.5 eTSI,11/24,>,110,150,Brake pads,Xtra,P 85 165X,,17mm,74mm,194mm,,,,,,,Akebono,Prepared for wear indicator,"25861, 25862","D1894 9122, D1894 9204",With accessoriesWith anti-squeal shim,,Yes,
CUPRA,TERRAMAR (KP1),11/24,>,1.5 eTSI,11/24,>,110,150,Brake pads,Xtra Ceramic,P85165NX,,17mm,74mm,194mm,,,,,,,Akebono,Prepared for wear indicator,"25861, 25862","D1894 9122, D1894 9204",With accessoriesWith anti-squeal shim,,Yes,
CUPRA,TERRAMAR (KP1),11/24,>,1.5 eTSI,11/24,>,110,150,Brake pads,Prime,P 85 184,,16mm,58 - 56mm,123mm,,,,,,,ATE,Without,"26206, 26207",,With accessoriesWith anti-squeal shim,,,
CUPRA,TERRAMAR (KP1),11/24,>,1.5 eTSI,11/24,>,110,150,Brake pads,Prime Ceramic,P85184N,,16mm,58 - 56mm,123mm,,,,,,,ATE,Without,"26206, 26207",,With accessoriesWith anti-squeal shim,,,
CUPRA,TERRAMAR (KP1),11/24,>,Wear indicator,11/24,>,110,150,Brake pad accessories,Prime,A 00 492,,,,,,,,,,,,,,,,,,170mm
CUPRA,TERRAMAR (KP1),11/24,>,1.5 TSI eHybrid,06/24,>,150,204,Brake discs,Prime,08.C501.11,300mm,12mm,48mm,,5,Solid,65mm,10mm,,2,,,,,,,,
CUPRA,TERRAMAR (KP1),11/24,>,1.5 TSI eHybrid,06/24,>,150,204,Brake discs,Max,08.C501.75,300mm,12mm,48mm,,5,Solid,65mm,10mm,,2,,,,,,,,
CUPRA,TERRAMAR (KP1),11/24,>,1.5 TSI eHybrid,06/24,>,150,204,Brake discs,Xtra,08.C501.1X,300mm,12mm,48mm,,5,Solid,65mm,10mm,,2,,,,,,,,
CUPRA,TERRAMAR (KP1),11/24,>,1.5 TSI eHybrid,06/24,>,150,204,Brake pads,Prime,P 85 165,,17mm,74mm,194mm,,,,,,,Akebono,Prepared for wear indicator,"25861, 25862","D1894 9122, D1894 9204",With accessoriesWith anti-squeal shim,,Yes,
CUPRA,TERRAMAR (KP1),11/24,>,1.5 TSI eHybrid,06/24,>,150,204,Brake pads,Prime Ceramic,P85165N,,17mm,74mm,194mm,,,,,,,Akebono,Prepared for wear indicator,"25861, 25862","D1894 9122, D1894 9204",With accessoriesWith anti-squeal shim,,Yes,
CUPRA,TERRAMAR (KP1),11/24,>,1.5 TSI eHybrid,06/24,>,150,204,Brake pads,Xtra,P 85 165X,,17mm,74mm,194mm,,,,,,,Akebono,Prepared for wear indicator,"25861, 25862","D1894 9122, D1894 9204",With accessoriesWith anti-squeal shim,,Yes,
CUPRA,TERRAMAR (KP1),11/24,>,1.5 TSI eHybrid,06/24,>,150,204,Brake pads,Xtra Ceramic,P85165NX,,17mm,74mm,194mm,,,,,,,Akebono,Prepared for wear indicator,"25861, 25862","D1894 9122, D1894 9204",With accessoriesWith anti-squeal shim,,Yes,
CUPRA,TERRAMAR (KP1),11/24,>,1.5 TSI eHybrid,06/24,>,150,204,Brake pads,Prime,P 85 184,,16mm,58 - 56mm,123mm,,,,,,,ATE,Without,"26206, 26207",,With accessoriesWith anti-squeal shim,,,
CUPRA,TERRAMAR (KP1),11/24,>,1.5 TSI eHybrid,06/24,>,150,204,Brake pads,Prime Ceramic,P85184N,,16mm,58 - 56mm,123mm,,,,,,,ATE,Without,"26206, 26207",,With accessoriesWith anti-squeal shim,,,
CUPRA,TERRAMAR (KP1),11/24,>,Wear indicator,06/24,>,150,204,Brake pad accessories,Prime,A 00 492,,,,,,,,,,,,,,,,,,170mm
CUPRA,TERRAMAR (KP1),11/24,>,2.0 TSI 4Drive,01/25,>,150,204,Brake discs,Prime,08.C501.11,300mm,12mm,48mm,,5,Solid,65mm,10mm,,2,,,,,,,,
CUPRA,TERRAMAR (KP1),11/24,>,2.0 TSI 4Drive,01/25,>,150,204,Brake discs,Max,08.C501.75,300mm,12mm,48mm,,5,Solid,65mm,10mm,,2,,,,,,,,
CUPRA,TERRAMAR (KP1),11/24,>,2.0 TSI 4Drive,01/25,>,150,204,Brake discs,Xtra,08.C501.1X,300mm,12mm,48mm,,5,Solid,65mm,10mm,,2,,,,,,,,
CUPRA,TERRAMAR (KP1),11/24,>,2.0 TSI 4Drive,01/25,>,150,204,Brake pads,Prime,P 85 165,,17mm,74mm,194mm,,,,,,,Akebono,Prepared for wear indicator,"25861, 25862","D1894 9122, D1894 9204",With accessoriesWith anti-squeal shim,,Yes,
CUPRA,TERRAMAR (KP1),11/24,>,2.0 TSI 4Drive,01/25,>,150,204,Brake pads,Prime Ceramic,P85165N,,17mm,74mm,194mm,,,,,,,Akebono,Prepared for wear indicator,"25861, 25862","D1894 9122, D1894 9204",With accessoriesWith anti-squeal shim,,Yes,
CUPRA,TERRAMAR (KP1),11/24,>,2.0 TSI 4Drive,01/25,>,150,204,Brake pads,Xtra,P 85 165X,,17mm,74mm,194mm,,,,,,,Akebono,Prepared for wear indicator,"25861, 25862","D1894 9122, D1894 9204",With accessoriesWith anti-squeal shim,,Yes,
CUPRA,TERRAMAR (KP1),11/24,>,2.0 TSI 4Drive,01/25,>,150,204,Brake pads,Xtra Ceramic,P85165NX,,17mm,74mm,194mm,,,,,,,Akebono,Prepared for wear indicator,"25861, 25862","D1894 9122, D1894 9204",With accessoriesWith anti-squeal shim,,Yes,
CUPRA,TERRAMAR (KP1),11/24,>,2.0 TSI 4Drive,01/25,>,150,204,Brake pads,Prime,P 85 184,,16mm,58 - 56mm,123mm,,,,,,,ATE,Without,"26206, 26207",,With accessoriesWith anti-squeal shim,,,
CUPRA,TERRAMAR (KP1),11/24,>,2.0 TSI 4Drive,01/25,>,150,204,Brake pads,Prime Ceramic,P85184N,,16mm,58 - 56mm,123mm,,,,,,,ATE,Without,"26206, 26207",,With accessoriesWith anti-squeal shim,,,
CUPRA,TERRAMAR (KP1),11/24,>,Wear indicator,01/25,>,150,204,Brake pad accessories,Prime,A 00 492,,,,,,,,,,,,,,,,,,170mm
CUPRA,TERRAMAR (KP1),11/24,>,2.0 TSI VZ 4Drive,11/24,>,195,265,Brake discs,Prime,09.A200.11,310mm,22mm,48mm,,5,Ventilated,65mm,20mm,120Nm,2,,,,,,,,
CUPRA,TERRAMAR (KP1),11/24,>,2.0 TSI VZ 4Drive,11/24,>,195,265,Brake discs,Xtra,09.A200.1X,310mm,22mm,48mm,,5,Ventilated,65mm,20mm,120Nm,2,,,,,,,,
CUPRA,TERRAMAR (KP1),11/24,>,2.0 TSI VZ 4Drive,11/24,>,195,265,Brake discs,Prime,09.C306.11,340mm,30mm,50mm,,5,Ventilated,65mm,27mm,,1,,,,,,,,
CUPRA,TERRAMAR (KP1),11/24,>,2.0 TSI VZ 4Drive,11/24,>,195,265,Brake discs,Xtra,09.C306.1X,340mm,30mm,50mm,,5,Ventilated,65mm,27mm,,1,,,,,,,,
CUPRA,TERRAMAR (KP1),11/24,>,2.0 TSI VZ 4Drive,11/24,>,195,265,Brake pads,Prime,P 85 165,,17mm,74mm,194mm,,,,,,,Akebono,Prepared for wear indicator,"25861, 25862","D1894 9122, D1894 9204",With accessoriesWith anti-squeal shim,,Yes,
CUPRA,TERRAMAR (KP1),11/24,>,2.0 TSI VZ 4Drive,11/24,>,195,265,Brake pads,Prime Ceramic,P85165N,,17mm,74mm,194mm,,,,,,,Akebono,Prepared for wear indicator,"25861, 25862","D1894 9122, D1894 9204",With accessoriesWith anti-squeal shim,,Yes,
CUPRA,TERRAMAR (KP1),11/24,>,2.0 TSI VZ 4Drive,11/24,>,195,265,Brake pads,Xtra,P 85 165X,,17mm,74mm,194mm,,,,,,,Akebono,Prepared for wear indicator,"25861, 25862","D1894 9122, D1894 9204",With accessoriesWith anti-squeal shim,,Yes,
CUPRA,TERRAMAR (KP1),11/24,>,2.0 TSI VZ 4Drive,11/24,>,195,265,Brake pads,Xtra Ceramic,P85165NX,,17mm,74mm,194mm,,,,,,,Akebono,Prepared for wear indicator,"25861, 25862","D1894 9122, D1894 9204",With accessoriesWith anti-squeal shim,,Yes,
CUPRA,TERRAMAR (KP1),11/24,>,2.0 TSI VZ 4Drive,11/24,>,195,265,Brake pads,Prime,P 85 184,,16mm,58 - 56mm,123mm,,,,,,,ATE,Without,"26206, 26207",,With accessoriesWith anti-squeal shim,,,
CUPRA,TERRAMAR (KP1),11/24,>,2.0 TSI VZ 4Drive,11/24,>,195,265,Brake pads,Prime Ceramic,P85184N,,16mm,58 - 56mm,123mm,,,,,,,ATE,Without,"26206, 26207",,With accessoriesWith anti-squeal shim,,,
CUPRA,TERRAMAR (KP1),11/24,>,Wear indicator,11/24,>,195,265,Brake pad accessories,Prime,A 00 492,,,,,,,,,,,,,,,,,,170mm
