,,FRONT,,,REAR,,,,,
YEAR,MAKE & MODEL,LOW,STD,RAISED,LOW,STD +,RAISED,,,
ALFA ROMEO,,,,,,,,,,
64-76,105 SERIES,,,,,KARS-04,,,,
71-84,ALFASUD,KAFL-01,KAFS-01,,KARL-02,KARS-02,,,,
84-86,ALFETTA,,,,KARL-05,KARS-05,,,,
02-03,147,KAFL-06,,,KARL-07,,,,,
2/99-06,156 SEDAN ONLY,KAFL-06,,,KARL-07,,,,,
AUDI,,,,,,,,,,
97-01,A3,KAFL-13,,,KARL-14,,,,,
95-5/01,A4 4CYL SEDAN B5,KAFL-10SL,,,KARL-11SL,,,,,
95-5/01,A4 6CYL SEDAN B5,KAFL-10,,,KARL-11,,,,,
95-5/01,A4 QUATTRO SEDAN B5,KAFL-10,,,KARL-12,,,,,
06 ON,Q7,KAFL-16,,,KARL-17,,,,,
BEDFORD,,,,,,,,,,
70-85,CF VAN,,KBFS-01,,,,,,,
BMW,,,,,,,,,,
66-77,2002,KBFL-21,KBFS-21,,KBRL-22,KBRS-22,,,,
78-86,E23 733-735,KBFS-23,,,KBRS-24,,,,
83-91,E30 318,KDRL-50,KDRL-83,,KBRL-14,KHRL-46,,,,
83-91,E30 320 323 325,KDFL-01,KDRL-83,,KBRL-14,KHRL-46,,,,
88-96,E34 523 525,KDRL-83,,,KDRS-13,,,,,
90-9/91,E36 318,KTFL-26,KTFS-26,,KBRL-17,KHRL-125,,,,
90-9/91,E36 320 325,KTFL-26,KTFS-26,,KBRL-17,KHRL-125,,,,
95-00,E36 316,KBFL-20,KBFS-20,,KBRL-14,KBRL-17,,,,
10/91-00,E36 318,KBFL-19,KBFS-19,,KBRL-17,KHRL-125,,,,
10/91-00,E36 320 323 325 328,KBFL-20,KBFS-20,,KBRL-17,KHRL-125,,,,
96-00,E39 523 525 528,KBFL-32SP,,,KBRL-31,,,,,
96-00,E39 535 540,KBFL-30,,,KBRL-31,,,,,
98-05,E46 318,KBFL-32,,,KBRL-18,,,,,
98-05,E46 320 323 325 328 330,KBFL-32SP,,,KBRL-18,,,,,
01-05,E46 M3,KBFL-32M3,,,KBRL-18SL,,,,,
10/05 ON,E63 M6,KBFL-32M6,,,KBRL-37,,,,,
04/04-11/11,E87 120D 1 SERIES DIESEL HATCH,KBFL-35SL,,,KBRL-36,,,,,
05 ON,E90 E92 SEDAN COUPE,KBFL-35,,,KBRL-36,,,,,
02-2/07,X5 E53 WITH AIR ADJUSTABLE REAR,KBFL-33,,,,,,,,
02-2/07,X5 E53 WITHOUT AIR ADJUSTABLE REAR,KBFL-33,,,KBRL-34,,,,,
97-02,Z3 E36-7 ROADSTER 1.9 2.0 2.2,KBFL-19SL,,,KBRL-14SL,,,,,
97-02,Z3 E36-7 ROADSTER 2.8 3.0 3.2,KBFL-19,,,KBRL-14SL,,,,,
CHEVROLET,,,,,,,,,,
58-63,BELAIR IMPALA,KCFL-52,KCFS-52,,KCRL-50,KCRS-50,,,,
64-70,BELAIR IMPALA,KCFL-52,KCFS-52,,KCRL-51,KCRS-51,,,,
73-86,C20-C30,,KCFS-30,,,,,,,
2010 ON,CAMARO V8,KHFL-300,,,KHRL-301,,,,,
CHRYSLER,,,,,,,,,,
74-79,CENTURA,KCFL-07,KCFS-07,,KHFS-21,KHFS-29,,,,
96-8/99,NEON SER 1,KCFL-62,,,KCRL-63,,,,,
9/99-3/02,NEON PL2000 SER 2,KCFL-62SP,,,KCRL-63SP,,,,,
2000 ON,PT CRUISER,KCFL-67,,,KCRL-68,,,,,
97-01,VOYAGER,KCFL-64,,,,,,,,
05 ON,300C 6CYL HEMI V8 SEDAN,KCFL-69,,,KCRL-70,,,,,
05 ON,300C 6CYL HEMI V8 WAGON,KCFL-69,,,KCRL-70SW,,,,,
DAEWOO,,,,,,,,,,
95-98,CIELO 2 DOOR,KDFL-103,,,KDRL-104,KDRS-104,,,,
95-98,CIELO 4 DOOR,KDFL-103,,,KDRL-110,KDRL-104,,,,
95-97,ESPERO,KHFL-71,,,KDRL-104,KDRS-104,,,,
98-00,KORANDO,,,,,,KMRS-90,,,
97-03,LANOS,KDFL-109,,,KDRL-110,,,,,
97-02,LEGANZA,KDFL-111,,,KDRL-112,,,,,
99-11/01,MATIZ,KDFL-117,,,KDRL-118,,,,,
96-02,MUSSO,,,,,KMRS-90,KMRR-90,,,
97-03,NUBIRA SEDAN,KDFL-114,,,KDRL-50,KFRL-51,,,,
97-03,NUBIRA WAGON,KDFL-114,,,KDRL-115,KDFL-14,KDRS-83,,,
DAIHATSU,,,,,,,,,,
89-99,APPLAUSE,KDFL-88,,,KDRL-89,KDRS-89,,,,
87-6/93,CHARADE G102 G100 4CYL,KDFL-76,KDFS-76,,KDRL-77,KDRS-77,,,,
7/93-4/96,CHARADE G200 4CYL,KDFL-78,KDFS-76,,KFRL-96,KFRS-96,,,,
7/93-4/96,CHARADE G202 3CYL,KDFL-78SL,KDFL-78,,KFRL-96,KFRS-96,,,,
5/96-00,CHARADE G200 SER 2 G203,KDFL-74,,,KTRL-52,KTRL-86,,,,
4/92-2/95,MIRA J,KDFL-81,KDFS-81,,KDRL-82,KDRS-82,,,,
97-00,PYZAR G301 G303,,,,,KTRS-36,KTRL-78,,,
8/93-99,ROCKY F73 F78,,,,,,KHRS-17,,,
98-8/00,SIRION M100 1L,KDFL-79,,,KDRL-80,,,,,
9/00-01/05,SIRION M101 1.3,KDFL-79A,,,KDRL-80,,,,,
97-06,TERIOS J100 J102,KDFL-90,,KDFR-90,KMFL-06,,KMRS-21,,,
DODGE,,,,,,,,,,
06 ON,CALIBER,KDFL-132,,,KDRL-133,,,,,
EUNOS,,,,,,,,,,
92-97,30X,KFFL-50,,,KMRL-23,,,,,
92-98,500,KFFL-80,,,KFRL-81,,,,,
94-00,800,KMFL-91,,,KMRL-92,,,,,
FIAT,,,,,,,,,,
68-85,124,KFFL-60,KFFS-60,,KFRL-61,KFRS-61,,,,
FORD,,,,,,,,,,
69-73,CAPRI 4CYL,KFFL-12,KFFL-13,,,,,,,
69-73,CAPRI V6,KFFL-13,KFFS-13,,,,,,,
89-94,CAPRI SA SC SE,KFFL-15,KFFS-45,,KFRL-16SL,KFRS-46,,,,
89-94,CAPRI SA SC SE TURBO,KHFL-116,,,KFRL-16SL,KFRS-46,,,,
92-94,CAPRI CLUBSPRINT SC SE,KFFL-15SL,,,KFRL-16SL,KFRS-46,,,,
89-92,CORSAIR U12 SEDAN,KDRL-83,KDFS-14,,KDRL-50,KDFL-14,,,,
89-92,CORSAIR U12 HATCH,KDRL-83,KDFS-14,,KFRL-51,KDFS-14,,,,
71-76,CORTINA TC TD 4CYL SEDAN,KFFL-03,KFFS-03,,KFRL-05,KFRS-05,,,,
71-76,CORTINA TC TD 6CYL SEDAN,KFFL-04,KFFS-04,,KFRL-05,KFRS-05,,,,
77-80,CORTINA TE 4CYL SEDAN,KFFS-14,KFFS-34,,KFRL-05,KFRS-05,,,,
77-80,CORTINA TE 6CYL SEDAN STEEL HEAD,KFFL-0,KFFS-17,,KFRL-05,KFRS-05,,,,
77-83,CORTINA TE TF 6CYL SEDAN ALLOY HEAD,KFFL-59,KFFL-01,,KFRL-05,KFRS-05,,,,
80-83,CORTINA TF 4CYL SEDAN,KFFL-14,KFFS-14,,KFRL-05,KFRS-05,,,,
71-83,CORTINA TC-TF WAGON,,,,KFRL-05,KFRS-05,KFRR-05,,,
99-01,COUGAR SW SX,KFFL-82,,,KFRL-83,,,,,
77-85,COURIER,,KFFS-31,,,,,,,
6/85-4/96,COURIER PC 4x2,,KFFS-44,,,,,,,
79-88,ECONOVAN PETROL,,KFFS-32,,,,,,,
79-88,ECONOVAN DIESEL,,KFFS-33,,,,,,,
01 ON,ESCAPE BA ZA ZB ZC ZD,,,KMFR-54,,,KMRR-55,,,
70-81,ESCORT ALL EXCEPT 2 LITRE,KFFL-11,KFFS-11,,,,,,,
78-81,ESCORT 2 LITRE,KFFL-13,KFFS-13,,,,,,,
01-05,EXPLORER UT UX UZ 6CYL,KFFL-78,,KFFR-78,KFRL-79,,KFRR-79,,,
03-05,EXPLORER UT UX UZ V8,,,KFFR-78SP,,,KFRR-79,,,
67-81,F100 2WD,,KFFS-06,KFFR-06,,,,,,
77-81,F100 4WD,,KFFS-09,KFFR-09,,,,,,
82-87,F100 2WD BRONCO,,KFFS-10,KFFR-10,,,,,,
82-87,F100 4WD F150,,KFFS-38,KFFR-38,,,,,,
67-81,F250 F350,,KFFS-07,KFFR-07,,,,,,
82-87,F350,,KFFS-39,KFFR-39,,,,,,
62-67,FAIRLANE COMPACT,,KFFS-36,,,,,,,
67-82,FAIRLANE ZA-ZJ,KFFL-02,KFFS-02,KFFR-02,,,,,,
82-88,FAIRLANE ZK ZL LTD FD FE 6CYL,KFFL-01,KFFS-01,KFFS-02,KFRL-28,KFRS-28,KFRR-28,,,
82-88,FAIRLANE ZK ZL LTD FD FE V8,KFFL-02,KFFS-02,KFFR-02,KFRL-28,KFRS-28,KFRR-28,,,
88-99,FAIRLANE NA-NL LTD 6CYL,KFFL-29,KFFR-26,KFFR-29,KFRL-18,KFRS-18,KFRR-18,,,
92-99,FAIRLANE NC-NL LTD V8,KFFL-52,KFFS-52,KFFR-52,KFRL-18,KFRS-18,KFRR-18,,,
00-03,FAIRLANE AU V8,KFFL-57,KFFS-57,KFFR-57,KFRL-67,KFRS-67,KFRR-67,,,
03 ON,FAIRLANE BA BF 6CYL V8,KFFL-57SP,KFFR-57,KFFR-57H,KFRL-68,KFRS-68,KFRR-68,,,
60-66,FALCON XK-XP,KFFL-14,KFFS-14,,,,,,,
67-72,FALCON XR-XY 6CYL,KFFL-01,KFFS-01,KFFS-02,,,,,,
67-72,FALCON XR-XY V8 WINDSOR,KFFL-01,KFFS-01,KFFS-02,,,,,,
67-72,FALCON XR-XY V8 CLEVELAND,KFFL-02,KFFS-02,KFFR-02,,,,,,
72-82,FALCON XA-XD 6CYL STEEL HEAD,KFFL-01,KFFS-01,KFFS-02,,,,,,
72-79,FALCON XA-XC V8,KFFL-02,KFFS-02,KFFR-02,,,,,,
79-82,FALCON XD 6CYL ALLOY HEAD,KFFL-0,KFFS-17,KFFS-01,,,,,,
79-82,FALCON XD V8,KFFL-01,KFFS-01,KFFS-02,,,,,,
82-88,FALCON XE XF 6CYL SEDAN,KFFL-0,KFFS-17,KFFS-01,KFRL-18,KFRS-18,KFRR-18,,,
82-85,FALCON XE V8 SEDAN,KFFL-01,KFFS-01,KFFS-02,KFRL-18,KFRS-18,KFRR-18,,,
82-88,FALCON XE XF 6CYL WAGON,KFFL-0,KFFS-17,KFFS-01,,,,,,
79-85,FALCON XD-XE V8 WAGON,KFFL-01,KFFS-01,KFFS-02,,,,,,
82-92,FALCON XE XF UTE PVAN,KFFL-0,KFFS-17,KFFS-01,,,,,,
93-96,FALCON XG UTE PVAN,KFFL-01,KFFS-01,KFFS-02,,,,,,
96-98,FALCON XH UTE PVAN 6CYL,KFFL-26,KFFS-26,KFFR-26,,,,,,
96-98,FALCON XH UTE PVAN V8,KFFL-52,KFFS-52,KFFR-52,,,,,,
88-97,FALCON EA-EL 6CYL SEDAN,KFFL-26,KFFS-26,KFFR-26,KFRL-27,KFRS-27,KFRS-18,,,
91-97,FALCON EB-EL V8 SEDAN,KFFL-52,KFFS-52,KFFR-52,KFRL-27,KFRS-27,KFRS-18,,,
88-97,FALCON EA-EL 6CYL WAGON,KFFL-26,KFFS-26,KFFR-26,,,,,,
91-97,FALCON EB-EL V8 WAGON,KFFL-52,KFFS-52,KFFR-52,,,,,,
93-97,FALCON ED-EL XR6,KFFL-26SL,KFFL-26,KFFS-26,KFRL-27SL,KFRL-27,KFRS-27,,,
93-97,FALCON ED-EL XR8,KFFL-52SL,KFFL-52,KFFS-52,KFRL-27SL,KFRL-27,KFRS-27,,,
98-02,FALCON AU 6CYL V8 IRS SEDAN,KFFL-57,KFFS-57,KFFR-57,KFRL-67,KFRS-67,KFRR-67,,,
98-02,FALCON AU 6CYL V8 LIVE AXLE SEDAN,KFFL-57,KFFS-57,KFFR-57,KFRL-27,KFRS-27,KFRS-18,,,
98-02,FALCON AU 6CYL V8 WAGON,KFFL-57,KFFS-57,KFFR-57,,,,,,
98-02,FALCON AU XR6 LIVE AXLE,KFFL-57SL,KFFL-57,KFFS-57,KFRL-27SL,KFRL-27,KFRS-27,,,
98-02,FALCON AU XR6 XR8 T SERIES IRS,KFFL-57SL,KFFL-57,KFFS-57,KFRL-67SL,KFRL-67,KFRS-67,,,
99-02,FALCON AU UTE,KFFL-57,KFFS-57,KFFR-57,,,,,,
99-02,FALCON AU UTE XR SERIES,KFFL-57SL,KFFL-57,KFFS-57,,,,,,
02-6/07,FALCON BA BF SEDAN,KFFL-57SP,KFFR-57,KFFR-57H,KFRL-68,KFRS-68,KFRR-68,,,
02-6/07,FALCON BA BF XR6,KFFL-57,KFFL-57SP,,KFRL-68SSL,KFRL-68,KFRS-68,,,
02-6/07,FALCON BA BF XR8,KFFL-57,KFFL-57SP,,KFRL-68SSLHD,KFRL-68HD,,,,
02-6/07,FALCON BA BF GT GTP SPORTS,KFFL-57,KFFL-57SP,,KFRL-68SSLHD,KFRL-68HD,KFRS-68,,,
02-6/07,FALCON BA BF UTE,KFFL-57SP,KFFR-57,KFFR-57H,,,,,,
02-6/07,FALCON BA BF UTE XR6 XR8,KFFL-57,KFFL-57SP,,,,,,,
02-6/07,FALCON BA BF WAGON,KFFL-57SP,KFFR-57,KFFR-57H,,,,,,
7/07-4/08,FALCON BF MK II SEDAN,KFFL-53,KFFS-53,KFFR-53,KFRL-68,KFRS-68,KFRR-68,,,
7/07-4/08,FALCON BF MK II XR6 SEDAN,KFFL-53SL,,KFFS-53,KFRL-68SSL,KFRL-68,KFRS-68,,,
7/07-4/08,FALCON BF MK II XR8 SEDAN,KFFL-53,,KFFS-53,KFRL-68SSL,KFRL-68,KFRS-68,,,
7/07-4/08,FALCON BF MK II UTE,KFFL-53,KFFS-53,KFFR-53,,,,,,
7/07-4/08,FALCON BF MK II UTE XR6,KFFL-53SL,,KFFS-53,,,,,,
7/07-4/08,FALCON BF MK II UTE XR8,KFFL-53,KFFS-53,KFFR-53,,,,,,
7/07 ON,FALCON BF MK II III WAGON,KFFL-53,KFFS-53,KFFR-53,,,,,,
5/08 ON,FALCON FG SEDAN,KFFL-40,KFFS-40,KFFR-40,KFRL-68SL,KFRS-68,KFRR-68,,,
5/08 ON,FALCON FG XR6 SEDAN,KFFL-40SSL,KFFL-40,KFFS-40,KFRL-68SSL,KFRL-68,KFRS-68,,,
5/08 ON,FALCON FG XR8 SEDAN GT,KFFL-40SLHD,KFFL-40,KFFS-40,KFRL-68SSL,KFRL-68,KFRS-68,,,
5/08 ON,FALCON FG UTE,KFFL-40,KFFS-40,KFFR-40,FOR-303,,,,,
5/08 ON,FALCON FG XR6 UTE,KFFL-40SSL,KFFL-40,KFFS-40,FOR-303,FOR-304,,,,
5/08 ON,FALCON FG XR8 UTE,KFFL-40SL,KFFL-40,KFFS-40,FOR-303,FOR-304,,,,
94-96,FESTIVA WB,KFFL-95,KFFS-95,,KFRL-96,KFRS-96,,,,
97-01,FESTIVA WD WF,KFFL-95,KFFS-95,,KSRL-11,KFRS-96,,,,
3/04-08,FIESTA WP WQ,KFFL-70,,,KFRL-71,,,,,
02-5/05,FOCUS LR MY2003,KFFL-73,,,KFRL-74,KFRS-74,,,,
6/05-5/2011,FOCUS 2 LS LT LV,KMFL-42,,,KFRL-74,KFRS-74,,,,
6/05-5/2011,FOCUS 2 XR5 TURBO,KMFL-42,,,KFRL-74SL,,,,,
6/2011 ON,FOCUS LW,KMFL-42SL,,,KFRL-74,KFRS-74,,,,
7/07 ON,FOCUS TDCi DIESEL,KMFL-42D,,,KFRL-74,KFRS-74,,,,
10/99-10/00,KA MY 2000 TA,KFFL-84,,,KFRL-85,,,,,
11/00-02,KA MY 2001 TB,KFFL-84,,,KFRL-85A,,,,,
81-90,LASER KA-KE METEOR GA-GC,KFFL-15,KFFS-15,,KFRL-16,KFRS-16,,,,
90-9/94,LASER KF KH INC TX3 2WD,KFFL-50,KFFS-50,,KFRL-51,KFRS-51,,,,
94-99,LASER KJ KL,KFFL-90,KFFS-90,,KFRL-91,KFRS-91,,,,
2/99-7/02,LASER KN KQ,KMFL-93,KMFS-93,,KMRL-94,KMRS-94,,,,
95-11/96,MONDEO HA HB SEDAN,KFFL-97,KFFS-97,,KFRL-98,KFRS-98,,,,
95-11/96,MONDEO HA HB WAGON,KFFL-97,KFFS-97,,KFRL-99,KFRS-99,,,,
12/96-12/99,MONDEO HC SEDAN,KFFL-89,,,KFRL-98,KFRS-98,,,,
12/96-12/99,MONDEO HC WAGON,KFFL-89,,,KFRL-99,KFRS-99,,,,
2/00-10/00,MONDEO HE SEDAN 4CYL,KFFL-102,,,KFRL-104,,,,,
2/00-10/00,MONDEO HE SEDAN V6,KFFL-103,,,KFRL-104,,,,,
01-02,MUSTANG COBRA IRS,KFFL-76,,,KFRL-77,,,,,
94-98,PROBE ST SV,KFFL-88,,,KFRL-93,KFRS-81,,,,
2011 ON,RANGER 4X4,KFFL-08,KFFS-08,KFFR-08,,,,,,
96-98,TAURUS DN DP,KFFL-54,,,KFRL-55,,,,,
83-87,TELSTAR AR AS NON ADJ SHOCKS,,KFFS-19,,,KFRS-20,KFRS-20HD,,,
83-87,TELSTAR AR AS ADJ SHOCKS,KFFL-21,KFFS-21,,KFRL-22,KFRS-22,,,,
87-12/91,TELSTAR AT AV INC TX5,KFFL-25,KFFS-25,,KFRL-23,KFRS-23,,,,
1/92-9/94,TELSTAR AX INC TX5,KFFL-80,KFFS-25,,KFRL-81,KFRS-81,,,,
10/94-7/96,TELSTAR AY INC TX5,KFFL-80,KFFS-25,,KFRL-93,KFRS-81,,,,
04-9/07,TERRITORY SX SY RWD 2WD,KFFL-57,KFFS-57,KFFR-57,KFRL-69SL,KFRS-69,KFRR-69,,,
04-9/07,TERRITORY SX SY AWD 4WD,KFFL-57SP,KFFR-57,KFFR-58,KFRL-69,KFRS-69,KFRR-69,,,
10/07 ON,TERRITORY SX SY RWD 2WD,KFFL-53,KFFS-53,KFFR-53,KFRL-69SL,KFRS-69,KFRR-69,,,
10/07 ON,TERRITORY SX SY AWD 4WD,KFFL-53,KFFS-53,KFFR-53,KFRL-69,KFRS-69,KFRR-69,,,
4/94-9/00,TRANSIT VAN VE VF VG,,,KFFR-35,,,,,,
HOLDEN,,,,,,,,,,
53-56,FJ,KHFL-0,KHFS-0,,,,,,,
57-59,FE FC,KHFL-21,KHFS-21,,,,,,,
60-67,FB-HR,KHFL-01,KHFS-01,KHFS-02,,,,,,
68-71,HK-HG 6CYL,KHFL-42,KHFS-02,KHFR-02,,,,,,
68-71,HK-HG V8,KHFL-02,KHFR-02,KHFL-25,,,,,,
68-71,HK-HG MONARO 6CYL,KHFL-42,KHFS-02,KHFR-02,,,,,,
68-71,HK-HG MONARO V8,KHFL-10,KHFS-10,,HOL-507,,,,,
71-78,HQ-HX SEDAN 6CYL,KHFL-43,KHFS-43,KHFS-03,KHRL-04,KHRS-04,KHRS-05,,,
71-78,HQ-HX WAGON 6CYL,KHFL-43,KHFS-43,KHFS-03,KHRS-04,KHRS-05,KHRR-05,,,
71-78,HQ-HX PVAN 6CYL,KHFL-43,KHFS-43,KHFS-03,,,,,,
71-78,HQ-HX SEDAN V8,KHFL-03,KHFS-03,KHFR-03,KHRL-04,KHRS-04,KHRS-05,,,
71-78,HQ-HX WAGON V8,KHFL-03,KHFS-03,KHFR-03,KHRS-04,KHRS-05,KHRR-05,,,
71-78,HQ-HX PVAN V8,KHFL-03,KHFS-03,KHFR-03,,,,,,
71-79,HQ-HZ MONARO 6CYL,KHFL-25,KHFL-03,,KHRL-26,KHRL-04,,,,
71-79,HQ-HZ MONARO V8,KHFL-43,KHFL-13,,KHRL-26,KHRL-04,,,,
78-79,HZ RTS SEDAN 6CYL,KHFL-03,KHFS-43,KHFS-03,KHRL-04,KHRS-04,KHRS-05,,,
78-79,HZ RTS WAGON 6CYL,KHFL-03,KHFS-43,KHFS-03,KHRS-04,KHRS-05,KHRR-05,,,
78-85,HZ-WB RTS UTE PVAN 6CYL,KHFL-03,KHFS-03,KHFR-03,,,,,,
78-79,HZ RTS SEDAN V8,KHFL-03,KHFS-03,KHFR-03,KHRL-04,KHRS-04,KHRS-05,,,
78-79,HZ RTS WAGON V8,KHFL-03,KHFS-03,KHFR-03,KHRS-04,KHRS-05,KHRR-05,,,
78-85,HZ-WB RTS UTE PVAN V8,KHFL-13,KHFS-03,KHFR-03,,,,,,
10/03-06,ADVENTRA VYII VZ,KHFR-19,,KHFR-64,KHRS-69,,KHRR-65,,,
89-93,APOLLO JK JL SEDAN,KTFL-53,KTFS-53,,KTRL-86,KTRS-36,KTRL-78,,,
91-93,APOLLO JK JL WAGON,KTFL-53,KTFS-53,,KTRL-78,KTRS-78,KTRS-78HD,,,
93-97,APOLLO JM JP SEDAN 4CYL,KTFL-63SLSL,KTFS-60,,KTRL-61,KTRS-61,,,,
93-97,APOLLO JM JP SEDAN V6,KTFL-63SL,KTFS-60,,KTRL-61,KTRS-61,,,,
93-97,APOLLO JM JP WAGON 4CYL,KTFL-63SLSL,KTFS-60,,KTRS-61,KTRS-62,,,,
93-97,APOLLO JM JP WAGON V6,KTFL-63SL,KTFS-60,,KTRS-61,KTRS-62,,,,
84-87,ASTRA LB LC,KMFL-06,KDFS-22,,KDRL-23,KDRS-23,,,,
87-89,ASTRA LD,KFFL-15,KDRL-83,,KDRL-50,KFFS-15,,,,
9/96-7/98,ASTRA TR,KDFL-103,,,KHRL-50,,,,,
8/98-05,ASTRA TS,KHFL-71,KHFS-71,,KHRL-128,KHRS-128,,,,
5/03-12/04,ASTRA TS CONVERTIBLE,KHFL-71,KHFS-71,,KHRS-128SP,,,,,
10/04 ON,ASTRA AH MY05 MY06 HATCH,KHFL-74,,,KHRL-128SP,,,,,
10/04 ON,ASTRA AH MY05 MY06 COUPE,KHFL-73,,,KHRL-128,,,,,
10/04 ON,ASTRA AH MY05 MY06 WAGON,KHFL-74,,,KHRS-128,,,,,
86-12/88,BARINA ML,KSFL-12,KSFS-12,,KSRL-11,KFRS-96,,,,
1/89-3/94,BARINA MF MH,KSFL-10,KSFS-10,,KSRL-13,KSRS-13,,,,
4/94-12/00,BARINA SB,KHFL-66,KHFS-66,,KHRL-126,KHRL-63,,,,
01-11/05,BARINA XC,KHFL-62,,,KHRL-63,,,,,
12/05-9/11,BARINA TK KL,KDFL-109,,,KHRL-148,KHRS-148,,,,
10/11 ON,BARINA TM,KHFL-162,,,KHRL-163,,,,,
06-2010,CAPTIVA SER 1,KHFL-160,,KHFR-160,KHRL-161,,KHRR-161,,,
82-89,CAMIRA JB JD JE SEDAN,,KHFS-19,,,KHRS-27,,,,
82-89,CAMIRA JB JD JE WAGON,,KHFS-19,,,KHRS-28,,,,
08-2011,COLORADO RC 2WD,KHFL-51,,KHFR-51,,,,,,
78-86,COMMODORE VB-VK 6CYL SEDAN,KHFL-22,KHFS-22,KHFS-19,KHRL-23,KHRS-23,KHRR-23,,,
78-86,COMMODORE VB-VK V8 SEDAN,KHFL-19,KHFS-19,KHFR-19,KHRL-23,KHRS-23,KHRR-23,,,
86-93,COMMODORE VL-VP 6CYL SEDAN,KHFL-22,KHFS-22,KHFS-19,KHRL-20,KHRS-20,KHRS-23,,,
86-93,COMMODORE VL-VP V8 SEDAN,KHFL-19,KHFS-19,KHFR-19,KHRL-20,KHRS-20,KHRS-23,,,
91-93,COMMODORE VP V6 SEDAN IRS,KHFL-22,KHFS-22,KHFS-19,KHRL-46,KHRS-46,KHRS-45,,,
91-93,COMMODORE VP V8 SEDAN IRS,KHFL-19,KHFS-19,KHFR-19,KHRL-46,KHRS-46,KHRS-45,,,
93-95,COMMODORE VR V6 SEDAN LA,KHFL-47,KHFS-19,KHFR-19,KHRL-20,KHRS-20,KHRS-23,,,
95-97,COMMODORE VS V6 SEDAN LA,KHFL-47SL,KHFS-22,KHFR-19,KHRL-20,KHRS-20,KHRS-23,,,
93-97,COMMODORE VR-VS V8 SEDAN LA,KHFL-48,KHFS-48,KHFR-19,KHRL-20,KHRS-20,KHRS-23,,,
93-95,COMMODORE VR V6 SEDAN IRS,KHFL-47,KHFS-19,KHFR-19,KHRL-46,KHRS-46,KHRS-45,,,
95-97,COMMODORE VS V6 SEDAN IRS,KHFL-47SL,KHFS-22,KHFR-19,KHRL-46,KHRS-46,KHRS-45,,,
93-97,COMMODORE VR-VS V8 SEDAN IRS,KHFL-48,KHFS-48,KHFR-19,KHRL-46,KHRS-46,KHRS-45,,,
97-7/04,COMMODORE VT VX VY V6 SEDAN,KHFL-47,KHFS-19,KHFR-19,KHRL-45,KHRS-125,KHRR-125,,,
8/04-05,COMMODORE VZ V6 SEDAN,KHFL-48,KHFS-48,KHFR-19,KHRL-45,KHRS-125,KHRR-125,,,
97-7/04,COMMODORE VT VX VY VZ V8 SEDAN,KHFL-48,KHFS-48,KHFR-19,KHRL-45,KHRS-125,KHRR-125,,,
78-93,COMMODORE VB-VP 6CYL WAGON,KHFL-22,KHFS-22,KHFS-19,KHRL-24,KHRS-24,KHRR-24,,,
78-93,COMMODORE VB-VP V8 WAGON,KHFL-19,KHFS-19,KHFR-19,KHRL-24,KHRS-24,KHRR-24,,,
93-95,COMMODORE VR 6CYL WAGON,KHFL-47,KHFS-19,KHFR-19,KHPR-24,KHRS-16,KHRR-16,,,
95-97,COMMODORE VS 6CYL WAGON,KHFL-47SL,KHFS-22,KHFR-19,KHPR-24,KHRS-16,KHRR-16,,,
93-97,COMMODORE VR-VS V8 WAGON,KHFL-48,KHFS-19,KHFR-19,KHPR-24,KHRS-16,KHRR-16,,,
97-7/04,COMMODORE VT VX VY V6 WAGON,KHFL-47,KHFS-19,KHFR-19,KHRL-69,KHRS-69,KHRR-69,,,
8/04-06,COMMODORE VZ V6 WAGON,KHFL-48,KHFS-48,KHFR-19,KHRL-69,KHRS-69,KHRR-69,,,
97-06,COMMODORE VT VX VY VZ V8 WAGON,KHFL-48,KHFS-48,KHFR-19,KHRL-69,KHRS-69,KHRR-69,,,
90-93,COMMODORE VG V6 UTE,KHFL-47,KHFS-19,KHFR-19,KHPR-24,KHRS-30,KHRR-30,,,
90-93,COMMODORE VG V8 UTE,KHFL-48,KHFR-19,,KHPR-24,KHRS-30,KHRR-30,,,
93-95,COMMODORE VR V6 UTE,KHFL-47,KHFS-48,KHFR-19,KHPR-24,KHRS-30,KHRR-30,,,
95-00,COMMODORE VS V6 UTE,KHFL-47SL,KHFS-22,KHFR-19,KHPR-24,KHRS-30,KHRR-30,,,
93-00,COMMODORE VR VS V8 UTE,KHFL-48,KHFR-19,,KHPR-24,KHRS-30,KHRR-30,,,
01-7/04,COMMODORE VU VY V6 UTE,KHFL-47,KHFS-19,KHFR-19,KHRL-127,KHRS-69,KHRR-69,,,
8/04-06,COMMODORE VZ V6 UTE,KHFL-48,KHFS-48,KHFR-19,KHRL-127,KHRS-69,KHRR-69,,,
01 ON,COMMODORE VU VY VZ V8 UTE,KHFL-48,KHFS-48,KHFR-19,KHRL-127,KHRS-69,KHRR-69,,,
03-7/04,CREWMAN VY V6,KHFL-48,KHFS-48,KHFR-19,,,,,,
8/04-06,CREWMAN VZ V6,KHFS-22,KHFR-19,KHFR-19H,,,,,,
03 ON,CREWMAN V8,KHFS-22,KHFR-19,KHFR-19H,,,,,,
02-08,CRUZE YG,KHFL-105,,,KDRL-118,,,,,
09 ON,CRUZE JG JH PETROL,KHFL-157,,,KHRL-158,KHRS-158,,,,
09 ON,CRUZE JG JH DIESEL,KHFL-157D,,,KHRL-158,KHRS-158,,,,
07 ON,EPICA EP,KSRR-23,,,KHRL-49,,,,,
95-98,FRONTERA,,,,,KHRS-90,KHRR-90,,,
75-77,GEMINI TX SEDAN,KHFL-06,KHFS-06,,KHRL-07,KHRS-07,,,,
77-79,GEMINI TC TD SEDAN,KHFS-06,KHFL-29,,KHRL-07,KHRS-07,,,,
79-82,GEMINI TE SEDAN,KHFS-06,KHFS-29,,KHRL-07,KHRS-07,,,,
82-85,GEMINI TF TG SEDAN,KHFS-06,KHFL-29,,KHRL-07,KHRS-07,,,,
75-85,GEMINI TX-TG WAGON PVAN,,,,KHRS-07,KHPR-20,,,,
85-87,GEMINI RB SEDAN,,KDFL-14,,,KHRS-70,,,,
92-3/01,JACKAROO,,,,,KHRS-92,KHRR-92,,,
01-05,MONARO CV6,KHFL-47SL,KHFL-47,,KHRL-46,KHRL-125,KHRS-46,,,
01-05,MONARO CV8,KHFL-47,KHFS-22,,KHRL-46,KHRL-125,KHRS-46,,,
89-10/94,NOVA LE LF,KTFL-45,KTFS-45,,KTRL-86,KTRS-36,,,,
11/94-8/96,NOVA LG,KTFL-45,KTFS-45,,KTRL-82,KTRS-82,,,,
71-78,STATESMAN HQ-HX,KHFL-03,KHFS-03,KHFR-03,KHRL-04,KHRS-05,KHRR-05,,,
78-85,STATESMAN HZ-WB,KHFL-03,KHFS-03,KHFR-03,KHRL-04,KHRS-05,KHRR-05,,,
90-94,STATESMAN VQ,KHFL-19,KHFS-19,KHFR-19,KHRL-45,KHRS-45,,,,
94-99,STATESMAN VR VS V6,KHFL-47,KHFS-19,KHFR-19,KHRL-45,KHRS-45,,,,
94-99,STATESMAN VR VS V8,KHFL-48,KHFS-48,KHFR-19,KHRL-45,KHRS-45,,,,
99-7/06,STATESMAN WH WK WL,KHFL-48,KHFS-48,KHFR-19,KHRL-125,KHRS-125,KHRR-125,,,
8/06 ON,STATESMAN WM,KHFL-150,KHFS-150,KHFR-150,KHRL-152,KHRS-152,KHRR-152,,,
69-74,TORANA LC LJ 6CYL,KHFL-08,KHFS-08,,KHRL-09,KHRS-09,,,,
69-74,TORANA LC LJ V8,KHFS-08,KHFR-08,,KHRL-09,KHRS-09,,,,
74-80,TORANA LH-UC 4 6CYL,KHFL-44,KHFL-14,,KHRL-12,KHRS-12,KHRR-12,,,
74-80,TORANA LH-UC V8,KHFL-14,KHFS-14,,KHRL-12,KHRS-12,KHRR-12,,,
74-80,TORANA SLR 5000 A9X,KHFL-15,KHFS-15,,,KHRS-17,,,,
97-2/03,VECTRA JR JS 4CYL,KHFL-71,,,KHRL-72,,,,,
97-2/03,VECTRA JR JS V6,KHFL-71SP,,,KHRL-72,,,,,
3/03-05,VECTRA ZC 4CYL,KHFL-73,,,KHRS-128SP,,,,,
3/03-05,VECTRA ZC V6,KHFL-74,,,KHRS-128SP,,,,,
05 ON,VIVA JF SEDAN HATCH,KHFL-155,,,KHRL-156,,,,,
05 ON,VIVA JF WAGON,KHFL-155,,,KHRL-156HD,,,,,
HONDA,,,,,,,,,,
77-78,ACCORD SJ 810,,,,,KHRS-35,,,,
79-81,ACCORD SJ 820 830,,,,,KHRS-33,,,,
82-83,ACCORD SY,KHFL-52,KHFS-52,,KHRL-53,KHRS-53,,,,
83-85,ACCORD AC AD,KHFL-60,KHFS-60,,KHRL-61,KHRS-61,,,,
85-89,ACCORD CA4 CA5,KHFL-54,KHFS-54,,KHRL-80,KHRS-80,,,,
89-5/94,ACCORD CB,KHFL-60,KHFS-60,,KHRL-61,KHRS-61,,,,
10/93-9/97,ACCORD CD,KHFL-60,KHFS-60,,KHRL-61,KHRS-61,,,,
10/97-5/03,ACCORD CG 4CYL,KHFL-88SL,,,KHRL-89,,,,,
10/97-5/03,ACCORD CG V6,KHFL-88,,,KHRL-89,,,,,
6/03-08,ACCORD CL CM 4CYL EURO,KHFL-107SL,,,KHRL-108,,,,,
6/03-08,ACCORD CL CM V6,KHFL-107,,,KHRL-108,,,,,
72-79,CIVIC SB SE SF,KHFL-31,KHFS-31,,KHRL-32,KHRS-32,,,,
79-83,CIVIC SL,KFFL-13,KFFS-13,,KHRL-37,KHRS-37,,,,
84-87,CIVIC AG-AL,,,,KHRL-57,KHRS-57,,,,
87-10/91,CIVIC ED,KHFL-58,KHFS-58,,KHRL-59,KHRS-59,,,,
11/91-9/95,CIVIC EG EH,KHFL-58A,KHFS-58A,,KHRL-59,KHRS-59,,,,
10/95-7/00,CIVIC EJ EK EM,KHFL-67,KHFS-58A,,KHRL-68,KHRS-68,,,,
11/00-9/04,CIVIC ES EU 7TH GEN,KHFL-75,,,KHRL-76,,,,,
2/06-2011,CIVIC 8TH GEN,KHFL-111,,,KHRL-112,,,,,
2007-2011,CIVIC TYPE R 8TH GEN,KHFL-111SP,,,KHRL-112SP,,,,,
2012 ON,CIVIC 9TH GEN,KHFL-171,,,KHRL-172,,,,,
10/97-11/01,CRV RD,KHFL-83,,KHFR-83,KHRL-84,,KHRR-84,,,
84-11/87,CRX AF AS,,,,KHRL-57,KHRS-57,,,,
12/87-5/92,CRX EC ED,KHFL-58,KHFS-58,,KHRL-59,KHRS-59,,,,
6/92-6/98,CRX EG,KHFL-58A,KHFS-58A,,KHRL-59,KHRS-59,,,,
99-02,HRV GH,,,KHFR-85,,,KHRR-86,,,
86-5/89,INTEGRA DA3,,,,KHRL-57,KHRS-57,,,,
6/89-6/93,INTEGRA DA9,KHFL-77,KHFS-77,,KHRL-78,KHRS-78,,,,
7/93-8/01,INTEGRA DC INC TYPE R,KHFL-67,KHFS-58A,,KHRL-68,KHRS-59,,,,
9/01-9/04,INTEGRA DC INC TYPE R,KHFL-75,,,KHRL-76,,,,,
10/02-08,JAZZ V-TEC HATCH JD,KHFL-109,,,KHRL-110,,,,,
88-2/91,LEGEND KA3 COUPE,KHFL-79,,,KHRL-80,KHRS-80,,,,
95-3/00,ODYSSEY RA 1ST GEN,KHFL-97,,,KHRL-98,,,,,
79-82,PRELUDE SN,KFFL-13,KFFS-13,,KHRL-37,KHRS-37,,,,
83-87,PRELUDE AB BA3,KHFL-41,KHFS-41,,KHRL-38,KHRS-38,,,,
87-9/91,PRELUDE BA4,KHFL-41,KHFS-41,,KHRL-40,KHRS-40,,,,
10/91-4/02,PRELUDE BA8 BB,KHFL-93,KHFS-93,,KHRL-94,KHRS-94,,,,
99-07,S2000 AP,KHFL-103,,,KHRL-104,,,,,
HYUNDAI,,,,,,,,,,
00-2/03,ACCENT CH,KHFL-116,,,KHRL-124,KHRS-124,,,,
3/03-4/06,ACCENT LC,KHFL-123,,,KHRL-117,KHRS-117,,,,
2011 ON,ACCENT RB,KHFL-140,,,KKRL-20SL,,,,,
96-3/02,COUPE KG RD1 RD2,KHFL-119,,,KHRL-120,,,,,
00-7/06,ELANTRA XD,KHFL-134,,,KHRL-135,KHRS-135,,,,
8/06-6/12,ELANTRA HD,KHFL-142,,,KHRL-143,KHRS-143,,,,
7/12 ON,ELANTRA MD2,KHFL-140,,,KKRL-20,,,,,
90-9/94,EXCEL X2,KDRL-50,KDFL-14,,KMFL-06,KHRL-07,,,,
10/94-5/97,EXCEL X3,KHFL-114,KFFL-15,,KHRL-115,KDFS-04,,,,
6/97-00,EXCEL X3 CONICAL REAR,KHFL-114,KFFL-15,,KHRL-124,KHRS-124,,,,
02-06,GETZ TB,KDRL-83,,,KHRL-117,KHRS-117,,,,
99-4/02,GRANDEUR FT,KHFL-131,,,KHRL-132,,,,,
06 ON,GRANDEUR TG,KHFL-133,,,KHRL-146,,,,,
2011-3/12,i20,KHFL-164,,,KHRL-165,KHRS-165,,,,
4/12 ON,i20,KHFL-175,,,KHRL-165,KHRS-165,,,,
07-6/10,i30 FD,KHFL-147,,,KHRL-143,KHRS-143,,,,
2010 ON,i40,KHFL-169,,,KHRL-170,,KHRR-170,,,
91-5/95,LANTRA J1,KCFL-28,,,KCRL-27,,,,,
9/95-10/00,LANTRA J2 SEDAN,KHFL-118,,,KTRL-52,KTRL-86,,,,
9/95-10/00,LANTRA J2 WAGON,KHFL-118,,,KTRL-86,KTRS-36,,,,
90-95,S COUPE,KFFL-15SL,KFFL-15,,KCRL-14,KCRS-14,,,,
93-5/98,SONATA DF,KHFL-121,,,KHRL-122,KHRS-122,,,,
8/98-04,SONATA EF,KHFL-129,,,KHRL-130,KHRS-130,,,,
05 ON,SONATA NF 4CYL,KHFL-145,,,KHRL-146,,,,,
2012 ON,VELOSTER,KHFL-140,,,KKRL-20,,,,,
ISUZU,,,,,,,,,,
2012 ON,D MAX 4WD,KTFL-58,,KHFR-168H,,,,,,
2013 ON,MU-X,,,KHFR-168,,,KIRR-02,,,
JAGUAR,,,,,,,,,,
68-86,XJ 6 SER 1 2 3 6CYL,KJFL-01,KJFS-01,,KJRL-03,KJRS-03,,,,
76-92,XJS XJ 6 V12,KJFS-01,KJFS-02,,KJRL-03,KJRS-03,,,,
87-93,XJ40,,,,,KJRS-07,,,,
01 ON,X SERIES,KJFL-08,,,KJRL-09,,,,,
JEEP,,,,,,,,,,
94-01,CHEROKEE XJ,,,KJFR-20,,,JEEP-03,,,
9/01-07,CHEROKEE KJ PETROL,,,KJFR-27,,,KJRR-28,,,
9/01-07,CHEROKEE KJ DIESEL,,,KJFR-27HD,,,KJRR-28,,,
07 ON,CHEROKEE KK,,,KJFR-39,,,KJRR-40,,,
06 ON,COMMANDER XH,,,KJFR-29,,,KJRR-30HD,,,
96-99,GRAND CHEROKEE ZG,,,KJFR-20,,,KJRR-21,,,
6/99-6/05,GRAND CHEROKEE WJ WG,KJFL-25,,KJFR-25,KJRL-26,,KJRR-26,,,
7/05-2010,GRAND CHEROKEE WH MY06,KJFL-29,,KJFR-29,KJRL-30,,KJRR-30,,,
2011 ON,GRAND CHEROKEE WK2 LAREDO PETROL,,,KJFR-41,,,KJRR-42,,,
2011 ON,GRAND CHEROKEE WK2 LAREDO DIESEL,,,KJFR-43,,,KJRR-44,,,
2011 ON,GRAND CHEROKEE WK2 SRT8,KJFL-41SRT8,,,KJRL-42SRT8,,,,,
07 ON,PATRIOT,,,KJFR-37,,,KJRR-38,,,
96-2/07,WRANGLER TJ,,,KJFR-23,,,KJRR-24,,,
3/07 ON,WRANGLER JK SWB PETROL,,,KJFR-31,,,KJRR-35,,,
3/07 ON,WRANGLER JK SWB DIESEL,,,KJFR-32,,,KJRR-35,,,
3/07 ON,WRANGLER JK LWB PETROL,,,KJFR-33,,,KJRR-36,,,
3/07 ON,WRANGLER JK LWB DIESEL,,,KJFR-34,,,KJRR-36,,,
KIA,,,,,,,,,,
99-03,CARNIVAL UP,,,,,,KKRR-07,,,
04-07,CERATO LD,KHFL-134,,,KHRL-135,KHRS-135,,,,
08-3/13,CERATO,KKFL-19,,,KKRL-20,,,,,
06 ON,MAGENTIS MG,KKFL-13,,,KCRL-214,,,,,
97-4/98,MENTOR FA,KFRL-51,,,KKRL-04,,,,,
5/98-00,MENTOR FB,KDRL-50,,,KKRL-04,,,,,
5/04 ON,OPTIMA GD V6,KKFL-10,,,KHRL-122,,,,,
00-7/05,RIO DC,KKFL-05,,,KKRL-06,,,,,
8/05 ON,RIO JB,KKFL-12,,,KHRL-117,KHRS-117,,,,
00-01,SHUMA,KDRL-50,,,KKRL-04,,,,,
03-6/07,SORENTO BL,,,KKFR-08,,,KKRR-09,,,
2010 ON,SORENTO,,,KHFR-141,,,KKRR-21,,,
5/01-03,SPECTRA FB,KDRL-50,,,KKRL-04,,,,,
97-04,SPORTAGE JA,,,KKFR-01,,,KKRR-02,,,
05-09,SPORTAGE KM,,,KKFR-14,,,KKRR-15,,,
LADA,,,,,,,,,,
78-94,NIVA 4X4,,,KLFR-10,,,KLRR-11,,,
LEYLAND,,,,,,,,,,
73-74,P76,,KLFS-01,,,KLRS-02,,,,
LEXUS,,,,,,,,,,
92-9/96,ES300 VV,KTFL-63SL,,,KTRL-61,,,,,
10/96-9/01,ES300 XV,KTFL-63,,,KTRL-61,,,,,
10/01-05,ES300 MCV,KTFL-103,,,KTRL-61,,,,,
97-9/00,GS300 JZS160R,KTFL-64,,,KTRL-65,,,,,
99-03,IS200 IS300,KTFL-90,,,KTRL-91,,,,,
11/05 ON,IS250,KTFL-115,,,KTRL-116,,,,,
03 ON,RX-330 RX-350 4WD,KTFL-111,,KTFR-111,KTRL-112,,KTRR-112,,,
MAZDA,,,,,,,,,,
90-97,121 DB,KMFL-85,,,KMRL-86,,,,,
96-02,121 METRO DW,KMFL-85,,,KMRL-86,,,,,
02-8/07,2 DY,KMFL-28,,,KMRL-29,,,,,
04-1/14,3 BK PETROL,KMFL-42,,,KFRL-74,KFRS-74,,,,
2/14 ON,3 BM SERIES PETROL,KMFL-56,,,KMRL-57,,,,,
06-09,3 MPS BK,KMFL-42,,,KFRL-74SL,,,,,
80-9/89,323 BD BF,KFFL-15,KFFS-15,,KFRL-16,KFRS-16,,,,
10/89-10/96,323 BG INC ASTINA,KFFL-50,KFFS-50,,KFRL-51,KFRS-51,,,,
7/94-8/98,323 BA 1.6 1.8,KFFL-90,KFFS-90,,KMRL-83,KMRS-83,,,,
7/94-8/98,323 ASTINA 2L V6,KMFL-82,KMFS-82,,KMRL-83,KMRS-83,,,,
9/98-12/03,323 ASTINA PROTEGE BJ,KMFL-93,KMFS-93,,KMRL-94,KMRS-94,,,,
02-01/08,6 SEDAN HATCH GG,KMFL-25,,,KMRL-26,KMRS-26,,,,
02-01/08,6 WAGON GY,KMFL-25,,,KMRL-27,KMRS-27,,,,
8/05-01/08,6 MPS AWD SEDAN,KMFL-25HD,,,KMRL-26SL,,,,,
2/08-11/12,6 SEDAN GH SEDAN HATCH,KMFL-32,,,KMRL-33,KMRS-33,,,,
2/08-11/12,6 SEDAN GH WAGON,KMFL-32,,,KMRL-33SP,KMRS-33SP,,,,
12/12 ON,6 SEDAN GJ PETROL,KMFL-50,,,KMRL-51,KMRS-51,,,,
12/12 ON,6 SEDAN GJ DIESEL,KMFL-50D,,,KMRL-51,KMRS-51,,,,
78-82,626 RWD,KMFL-16,KMFS-16,,KMRL-01,KMRS-01,,,,
10/87-12/91,626 SEDAN GD INC MX6,KFFL-25,KFFS-25,,KFRL-23,KFRS-23,,,,
88-12/91,626 WAGON GV,KFFL-25,KFFS-25,,KMRL-18,KMRS-18,,,,
1/92-9/94,626 SEDAN GE INC MX6,KFFL-80,KFFS-25,,KFRL-81,KFRS-81,,,,
10/94-8/97,626 SEDAN GE INC MX6,KFFL-80,KFFS-25,,KFRL-93,KFRS-81,,,,
1/92-8/97,626 WAGON GV,KFFL-25,KFFS-25,,KMRL-18,KMRS-18,,,,
8/97-7/02,626 SEDAN GF GW,KFFL-80,KFFS-25,,KMRL-97,KFRS-81,,,,
2011 ON,BT50 4X4,KFFL-08,KFFS-08,KFFR-08,,,,,,
06 ON,CX-7 MY07,KMFL-30,,,KMRL-31,,,,,
07 ON,CX-9,KMFL-45,,,KMRL-46,,,,,
99 ON,MPV LW,KMFL-98,,,KMRL-99,KMRS-99,,,,
89-10/97,MX5 NA,KMFL-52,KMFS-52,,KMRL-53,KMRS-53,,,,
3/98-8/05,MX5 NB,KMFL-88,,,KMRL-89,,,,,
9/05 ON,MX5 NC,KMFL-40SP,,,KMRL-41SP,,,,,
01-03,PREMACY,KMFL-95,,,KMRL-96,,,,,
78-85,RX7 SER 1 2 3,KMFL-20,KMFS-20,,KMRL-21,KMRS-21,,,,
86-6/89,RX7 FC SER 4,KMFL-36,KMFS-36,,KMRL-37,KMRS-37,,,,
7/89-92,RX7 FC SER 5,KMFL-36,KMFS-36,,KMRS-37,,,,,
92-12/98,RX7 FD SER 6,KMFL-38SP,,,KMRL-39SP,,,,,
03 ON,RX-8 FE,KMFL-40,,,KMRL-41,,,,,
01-06,TRIBUTE YU,,,KMFR-54,,,KMRR-55,,,
MERCEDES,,,,,,,,,,
98-00,A160,KMFL-107,,,KMRL-108,,,,,
93-10/00,C180 C200,KMFL-101,,,KMRL-102,,,,,
01 ON,W203 4CYL,KMFL-111,,,KMRL-112,,,,,
01 ON,W203 6CYL V8,KMFL-111SP,,,KMRL-112,,,,,
MG,,,,,,,,,,
10/04-05,MGZT V8,KMFL-61,,,KMRL-62,,,,,
MINI,,,,,,,,,,
01 ON,MINI R50 INC COOPER S,KMFL-200,,,KMRL-201,,,,,
07-2012,MINI R56 2 DOOR PETROL,KMFL-202,,,KMRL-203,,,,,
2010 ON,MINI R60 4 DOOR COUNTRY PETROL 2WD,KMFL-204,,,KMRL-205,,,,,
MITSUBISHI,,,,,,,,,,
05-08,380 DB,KCFL-24,,,KCRL-25,KCRS-25,KCRR-25,,,
80-90,COLT RA-RE,KDFL-01,KDFL-14,,KCRL-14,KCRS-14,,,,
8/04 ON,COLT RG,KCFL-53,,,KCRL-54,,,,,
83-89,CORDIA AA-AC,KCFL-15,KCFS-15,,KMFL-06,KHRL-07,,,,
71-77,GALANT GA-GD,KDRL-83,KDFS-14,,,,,,,
89-3/93,GALANT HG HH,KFFL-25,KCFS-26,,KCRL-27,KCRS-27,,,,
90-3/93,GALANT HH VR4,KCFL-VR4,,,KCRL-VR4,,,,,
4/93-96,GALANT HJ 4CYL,KCFL-60SL,KCFS-60,,KCRL-61,KCRS-61,,,,
93-96,GALANT HJ V6,KCFL-60,KCFS-60,,KCRL-61,KCRS-61,,,,
97-01,GALANT SM,KCFL-65,,,KCRL-66,,,,,
74-77,LANCER LA,KMFL-06,KHRL-07,,,,,,,
77-81,LANCER LB LC,KDRL-83,KDFS-14,,,,,,,
88-9/92,LANCER CA CB,KCFL-28,KCFS-28,,KCRL-29,KCRS-29,,,,
10/92-5/96,LANCER CC SEDAN COUPE,KCFL-36,KCFS-36,,KCRL-37,KCRS-37,,,,
10/92-5/96,LANCER CC WAGON,KCFL-36,KCFS-36,,,,,,,
10/92-5/96,LANCER CC GSR 4WD TURBO,KCFL-36GSR,,,KCRL-37,KCRL-46HD,,,,
96-02,LANCER CEII,KCFL-36,KCFS-36,,KCRL-46,KCRS-46,KCRS-37,,,
96-01,LANCER CE WAGON,KCFL-36,KCFS-36,,,,,,,
7/02-8/07,LANCER CG SEDAN,KCFL-47,,,KCRL-48,KCRS-48,,,,
7/02-8/07,LANCER CG CH INC VRX SEDAN,KCFL-49,,,KCRL-48,KCRS-48,,,,
9/07 ON,LANCER CJ MY08 2.0 SEDAN,KMFS-93,,,KCRL-48SL,KCRS-48,,,,
98-00,LANCER EVO 5 6,KCFL-211,,,KCRL-212,,,,,
03-07,LANCER EVO 7 8 9,KCFL-36GSR,,,KCRL-214,,,,,
08 ON,LANCER EVO 10,KCFL-215,,,KCRL-216,,,,,
85-92,MAGNA TM-TP SEDAN,KCFL-21,KCFS-21,,KCRL-22,KCRS-22,KCRR-22,,,
85-92,MAGNA TM-TP WAGON,KCFL-21,KCFS-21,,KCRL-10,KCRS-10,,,,
3/91-3/97,MAGNA TR TS SEDAN,KCFL-42,KCFS-31,,KCRL-20,KMRS-24,,,,
3/91-3/97,MAGNA TR TS WAGON,KCFL-42,KCFS-31,,KCRL-39,KCRS-39,,,,
4/96-6/97,MAGNA TE VERADA KE SEDAN,KCFL-42SP,,,KCRL-43SP,,,,,
7/97-05,MAGNA TF-TW VERADA KF-KW SEDAN,KCFL-42,KCFS-31,,KCRL-43,KCRS-43,KCRR-43,,,
4/96-06/97,MAGNA TE VERADA KE WAGON,KCFL-42SP,KCFS-31,,KCRL-39,KCRS-39,,,,
7/97-05,MAGNA TF-TW VERADA KF-KW WAGON,KCFL-42,KCFS-31,,KCRL-39,KCRS-39,,,,
96-03,MIRAGE CE,KCFL-45,,,KCRL-46,KCRS-46,,,,
2013,MIRAGE,KCFL-32,,,KFRL-71,,,,,
03-06,OUTLANDER ZE ZF,KCFL-02,KCFS-02,,KCRL-03,KCRS-03,,,,
07 ON,OUTLANDER ZG ZH,,KCFS-02,,,KCRS-17,,,,
NISSAN,,,,,,,,,,
68-72,1600,KHFL-114,KDFL-14,,KDRL-02,KDRS-02,,,,
72-77,180B,KDFL-01,KDFS-14,,KDRS-02,KDRS-03,,,,
77-81,200B,KDRL-83,KDFS-14,,KDRL-11,KDRS-11,,,,
10/94-10/00,200SX S14,KDFL-60,KDFS-60,,KDRL-61,KDRL-61SP,,,,
10/00-3/03,200SX S15,KDFL-60SL,KDFS-60,,KDRL-61,KDRL-61SP,,,,
70-75,240Z,KDFL-08,KDFS-08,,KDRL-09,KDRS-09,,,,
70-79,260Z,KDFL-04,KDFS-04,,KDRS-09,KDRS-05,,,,
79-84,280ZX,KDFL-15,KDFS-15,,KDRL-11,KDRS-11,,,,
84-89,300ZX Z31,KDFL-16,KDFS-16,,KDRL-25,KDRS-25,,,,
88-96,300ZX Z32,KDFL-86,KDFS-86,,KDRL-87,KDRS-87,,,,
03 ON,350Z MY05,KDFL-48,,,KDRL-49,,,,,
81-86,BLUEBIRD 910 SEDAN,KDRL-50,KDFL-14,,KDRL-11,KDRS-11,,,,
93-97,BLUEBIRD U13,KFFL-25,KFFS-25,,KDRL-50,KDRS-83,,,,
2013 ON,JUKE FWD,KDFL-85,,,KDRL-97,,,,,
90-1/95,MAXIMA J30,KDFL-84,KDFS-84,,KDRL-83,KDRS-83,,,,
2/95-11/99,MAXIMA A32,KDFL-62,KDFS-62,,KDRL-63,KDRS-63,,,,
12/99-11/03,MAXIMA A33,KDFL-62,KDFS-62,,KDRS-65SP,KDRS-93,,,,
12/03-1/09,MAXIMA J31,KDFL-51,KDFS-51,,KDRL-52,KDRS-52,,,,
95-97,MICRA K11,KDFL-26,KDFS-26,,KDFL-08,KDFS-04,,,,
05 ON,MURANO Z50,KDFL-53,,KDFR-53,KDRL-54,,KDRR-54,,,
05 ON,NAVARA D40 2WD,KDFL-70SL,,,,,,,
05 ON,NAVARA D40 4X4,KDFL-70,KDFS-70,KDFR-70,,,,,,
86-90,PINTARA R31 SEDAN,KDFL-44,KDFS-44,,KDRL-30,KDRS-30,,,,
86-90,PINTARA R31 WAGON,KDFL-44,KDFS-44,,KDRL-31,KDRS-31,,,,
90-95,PRIMERA P10 2L,KDFL-120,,,KDRL-121,,,,,
90-95,PRIMERA P10 1.8,KDFL-120,,,KDRL-50,,,,,
96 ON,PRIMERA P11,KDFL-120,,,KDRL-122,,,,,
80-83,PULSAR N10,KDFS-22,KDFS-20,,,KDRS-21,,,,
82-87,PULSAR N12,KMFL-06,KDFS-22,,KDRL-23,KDRS-23,,,,
87-9/91,PULSAR N13,KFFL-15,KFFS-15,,KDRL-50,KFFS-15,,,,
10/91-9/95,PULSAR N14,KDRL-115,KDFS-14,,KDRL-50,KFFS-15,,,,
10/95-8/97,PULSAR N15 SER 1,KDRL-115,KDFS-14,,KDRL-65,KDRL-63,,,,
9/97-6/00,PULSAR N15 SER 2,KDFL-01,KDFS-14,,KDRL-65SP,KDRS-65SP,,,,
7/00-05,PULSAR N16 SEDAN,KDFL-68,KDFS-68,,KDRL-69,KDRS-65SP,,,,
6/01-05,PULSAR N16 HATCH,KDFL-68,KDFS-68,,KDRL-65,KDRL-63,,,,
2013,PULSAR B17,KDFL-96,,,KDRL-97,,,,,
86-90,SKYLINE R31 SEDAN,KDFL-29,KDFS-29,,KDRL-30,KDRS-30,,,,
86-90,SKYLINE R31 WAGON,KDFL-29,KDFS-29,,KDRL-31,KDRS-31,,,,
78-83,STANZA,KDFL-17,KDFS-04,,KDRL-10,KDRS-10,,,,
06 ON,TIIDA C11,KDFL-55,,,KDRL-56,,,,,
01-9/07,X-TRAIL T30,,,KDFR-46,,,KDRR-47,,,
10/07 ON,X-TRAIL T31,,,KDFR-94,,,KDRR-95,,,
10/07 ON,X-TRAIL T31 DIESEL,,,KDFR-94HD,,,KDRR-95,,,
PEUGEOT,,,,,,,,,,
10/01-9/05,307 T5,KPFL-06,,,KPRL-07,,,,,
10/99-9/05,206 GTI,KPFL-09,,,,,,,,
PROTON,,,,,,,,,,
97-99,M21 SPORTS COUPE,KCFL-36GSR,,,KCRL-37,KCRS-46,,,,
97-05,PERSONA 1.5L,KCFL-15,,,KCRL-37,KCRS-46,,,,
97-05,PERSONA 1.6L,KCFL-36GSR,,,KCRL-37,KCRS-46,,,,
97-05,SATRIA 1.5L,KCFL-15,,,KCRL-37,KCRS-46,,,,
97-05,SATRIA 1.6L,KCFL-36GSR,,,KCRL-37,KCRS-46,,,,
01-05,WAJA,KCFL-36GSR,,,KCRL-46HD,,,,,
95-05,WIRA,KCFL-15,,,KCRL-37,KCRS-46,,,,
RENAULT,,,,,,,,,,
07 ON,KOLEOS,,,,,,KDRR-95,,,
ROVER,,,,,,,,,,
63-77,2000 3500 P6,,KRFS-12,,,KRRS-08,,,,
77-83,3500 SDI SE1,KRFL-09,KRFS-09,,KRRL-10,KRRS-10,,,,
83-87,3500 SE2 VANDEN PLAS,KRFL-09SL,KRFL-09,,,KRRL-10,KRRS-10,,,
98-00,FREELANDER 1.8L 2L DIESEL,,,KLFR-08,,,KLRR-09,,,
00-06,FREELANDER V6 2L DIESEL DOHC,,,KLFR-12,,,KLRR-09,,,
84-91,LANDROVER 110 COUNTY PETROL,,KRFR-01,KRRS-02,,KLRS-04,KLRR-04,,,
84-91,LANDROVER 110 COUNTY DIESEL,,KRRS-02,KRRR-02,,KLRS-04,KLRR-04,,,
92-01,LANDROVER DEFENDER 110 TD5,,KRFS-03,KRFR-03,,KLRS-05,KLRR-05,,,
91-1/99,LANDROVER DISCOVERY,,KRFS-01,KRFR-01,,KRRS-04,KRRR-04,,,
2/99-04,LANDROVER DISCOVERY SER 2,,KRFS-06,KRFR-06,,KRRS-04,KRRR-04,,,
05 ON,LANDROVER DISCOVERY SER 3,,,KRFR-13,,,KRRR-14,,,
72-4/95,RANGE ROVER COIL SPRUNG,,KRFS-01,KRFR-01,,KRRS-02,KRRR-02,,,
SEAT,,,,,,,,,,
96-99,CORDOBA,KSFL-40,,,KSRL-41,,,,,
SSANG YONG,,,,,,,,,,
07 ON,ACTYON,,,KSFR-54,,,KMRS-90,,,
96-06,MUSSO,,,,,KMRS-90,KMRR-90,,,
05 ON,REXTON Y200 Y220,,,KSFR-50,,,KMRS-90,,,
SUBARU,,,,,,,,,,
2012 ON,BRZ,KTFL-122,,,KTRL-123,,,,,
97-6/02,FORESTER MY99,KSFS-22,KSFR-28,KSFR-32,KSRL-33,KSRS-33,KSRR-33,,,
7/02-2/08,FORESTER MY03-MY08,KSFR-22,,KSFR-32SP,KSRS-39,KSRS-43,KSRR-43,,,
03/08 ON,FORESTER MY09,,,KSFS-55,,,KSRS-56,,,,
93-00,IMPREZA,KSFL-22,KSFR-22,,KSRL-23,KSRS-23,KSRR-23,,,
93-98,IMPREZA WRX SEDAN,KSFL-22,KSFS-22,KSFR-22,KSRL-23,KSRS-23,KSRR-23,,,
93-00,IMPREZA WRX HATCH,KSFL-22,KSFS-22,KSFR-22,KSRL-23H,KSRS-23,KSRR-23,,,
93-00,IMPREZA WRX STI,KSFL-22SL,,,KSRL-23SL,,,,,
10/00-10/02,IMPREZA WRX S44 SEDAN,KSFL-22,KSFS-22,KSFR-22,KSRL-24,KSRS-24,,,,
10/00-10/02,IMPREZA WRX STI S44,KSFL-22SL,,,KSRL-24SL,,,,,
11/02-8/05,IMPREZA WRX G2 SEDAN,KSFL-22,KSFS-22,KSFR-22,KSRL-39,KSRS-39,,,,
11/02-8/05,IMPREZA WRX STI G2,KSFL-22SL,,,KSRL-39SL,,,,,
9/05-7/07,IMPREZA WRX SEDAN MY06 MY07,KSFL-22,KSFS-22,KSFR-22,KSRL-39,KSRS-39,,,,
8/07-12/11,IMPREZA G3 MY08 HATCH INC WRX,KSFL-52,,,KSRL-53,,,,,
2012 ON,IMPREZA G4 INC WRX,KSFL-52SSL,,,KSRL-58,,,,,
89-5/94,LIBERTY SEDAN 1ST GEN 2WD,KSFL-04,KFFS-25,,KSRL-05,KSRS-05,,,,
91-5/94,LIBERTY SEDAN 4WD RS TURBO,KSFL-04,KFFS-25,,KSRL-07,KSRS-07,,,,
6/94-10/98,LIBERTY SEDAN 2ND GEN,KSFL-04,KFFS-25,,KSRL-09,KSRS-09,,,,
11/98-8/03,LIBERTY SEDAN 3RD GEN,KSFL-28,KSFR-22,,KSRL-27,KSRL-29,,,,
9/03-2009,LIBERTY SEDAN 4TH GEN MY04,KSFL-42SP,,,KSRL-27,KSRL-29,,,,
9/03-2009,LIBERTY SEDAN 4TH GEN GT,KSFL-42,,,KSRL-27,KSRL-29,,,,
09 ON,LIBERTY SEDAN 5TH GEN 2.5L,KSFL-42SP,,,KSRL-58,KSRS-58,KSRR-58,,,
09 ON,LIBERTY SEDAN 5TH GEN 3.6L,KSFL-42,,,KSRL-58,KSRS-58,KSRR-58,,,
89-5/94,LIBERTY WAGON 1ST GEN,KSFL-04,KFFS-25,,,KSRS-08,,,,
6/94-10/98,LIBERTY WAGON 2ND GEN,KSFL-04,KFFS-25,,KSRL-25,KSRS-25,,,,
11/98-8/03,LIBERTY WAGON 3RD GEN,KSFL-28,KSFR-22,KSFR-28,KSRL-29,KSRS-29,KSRR-29,,,
9/03-2011,LIBERTY WAGON 4TH GEN MY04,KSFL-42SP,,,KSRL-29,KSRS-29,KSRR-29,,,
11 ON,LIBERTY WAGON 5TH GEN MY10,KSFL-42SP,,,KSRL-60,KSRS-60,KSRR-60,,,
96-10/98,OUTBACK BG9,KFFL-25,KFFS-25,KSFR-26,KSRL-25,KSRS-25,KSRR-25,,,
11/98-8/03,OUTBACK BH 4CYL 2.5L,KSFR-22,KSFS-32,KSFR-32,KSRL-29,KSRS-29,KSRR-29,,,
11/98-8/03,OUTBACK BH 6CYL 3.0L,,,KSFR-32SP,,KSRS-29,KSRR-29,,,
9/03-8/09,OUTBACK BP 4CYL 2.5L,,,KSFR-51,,KSRS-29,KSRR-29,,,
9/03-8/09,OUTBACK BP 6CYL 3.0L,,,KSFR-51SP,,KSRS-29,KSRR-29,,,
SUZUKI,,,,,,,,,,
95-01,BALENO SEDAN HATCH,KSFL-20,KSFS-20,,KSRL-21,KSRS-21,,,,
95-01,BALENO WAGON,KSFL-20,KSFS-20,,,KSRS-21SP,,,,
88-3/98,VITARA 2 DOOR 1.6 SWB,KSFL-14,,KSFR-14,KSRL-15,,KSRR-15,,,
88-3/98,VITARA 2 DOOR 2L SWB,,,KSFR-16,,,KSRR-15,,,
91-3/98,VITARA 4 DOOR 1.6,,,KSFR-16,,,KSRR-17,,,
4/98-7/05,GRAND VITARA 4CYL SQ SWB,,,KSFS-34,,,KSRS-35,,,
4/98-7/05,GRAND VITARA 4CYL SQ LWB,,,KSFS-34,,KSRS-35,KSRR-35,,,
8/05 ON,GRAND VITARA JB V6 DIESEL,,,KSFR-46,,,KSRR-47,,,
8/05 ON,GRAND VITARA JB 4CYL 1.6L,,,KSFR-46SP,,,KSRR-47,,,
03-05,IGNIS SPORT 1.5,KSFL-44,,,KSRL-45,,,,,
00-05,IGNIS 3 5 DOOR,KSFL-06,,,KDRL-118,,,,,
98-09,JIMNY,,,KSFR-36H,,,KSRR-37H,,,
86-88,SWIFT INC GTI,KSFL-12,KSFS-12,,KSRL-11,KFRS-96,,,,
89-10/99,SWIFT CINO INC GTI,KSFL-10,KSFS-10,,KSRL-13,KSRS-13,,,,
02/05-2/11,SWIFT RS415,KSRL-39SL,,,KSRL-19,KPRL-07,,,,
3/11 ON,SWIFT AZH414,KSFL-59,,,KSRL-19,KPRL-07,,,,
07 ON,SX4 GYB AWD,KSFL-48,,,KSRL-49,,,,,
TOYOTA,,,,,,,,,,
2012 ON,86 GTS,KTFL-122,,,KTRL-123,,,,,
2006-2012,AURION 40 SERIES,KTFL-63,KTFS-63,,KTRL-61,KTRS-61,,,,
2012,AURION 50 SERIES,KTFL-124,KTFS-124,,KTRL-125,KTRS-125,,,,
00-05,AVALON MCX10R,KTFL-103,,,KTRL-61SP,KTRS-104,,,,
83-86,CAMRY SEDAN SV 10 11,KCFL-21,KCFS-21,,KTRL-86,KTRS-36,KTRL-78,,,
87-92,CAMRY SEDAN SV 20 21 22,KTFL-53,KTFS-53,,KTRL-86,KTRS-36,KTRL-78,,,
87-92,CAMRY WAGON SV 21 22,KTFL-53,KTFS-53,,KTRL-78,KTRS-78,KTRS-78HD,,,
2/93-7/97,CAMRY SEDAN SDV10 4CYL,KTFL-60SL,KTFS-60,,KTRL-61,KTRS-61,,,,
2/93-7/97,CAMRY SEDAN SDV10 6CYL,KTFL-63SL,KTFS-60,,KTRL-61,KTRS-61,,,,
8/97-8/02,CAMRY SEDAN V20 4CYL,KTFL-63SL,KTFS-63,KTFR-63,KTRL-61,KTRS-61,,,,
8/97-8/02,CAMRY SEDAN V20 6CYL,KTFL-63,KTFS-63,KTFR-63,KTRL-61,KTRS-61,,,,
10/02-06/06,CAMRY SEDAN ACV36R 4CYL,KTFL-63,KTFS-63,KTFR-63,KTRL-61,KTRS-61,,,,
10/02-06/06,CAMRY SEDAN MCV36R 6CYL,KTFL-103,,,KTRL-61,KTRS-61,,,,
07/06-2011,CAMRY SEDAN 40 SERIES,KTFL-63SL,,,KTRL-61,,,,,
2012,CAMRY SEDAN 50 SERIES,KTFL-128,,,KTRL-129,,,,,
71-76,CELICA TA20-22,KTFL-10,KTFS-10,,KTRL-11,KTRS-11,,,,
78-82,CELICA RA40,KTFL-14,KTFS-14,,KTRL-15,KTRS-15,,,,
11/81-9/83,CELICA RA60,KTFL-26,KTFS-26,,KTRL-15,KTRS-15,,,,
10/83-10/85,CELICA SA63 RA65,KTFL-26,KTFS-26,,KTRL-48,KTRS-48,,,,
12/89-1/94,CELICA ST 184 185,KTFL-51,KTFS-51,,KTRL-86,KTRS-36,,,,
2/94-10/99,CELICA ST 204 205,KTFL-51SP,,,KTRL-86,KTRS-36,,,,
11/99-05,CELICA ZZT 230,KTFL-98,,,KTRL-99,,,,,
75-81,COROLLA KE 30-55,KFFL-15,KFFS-15,,,,,,,
81-85,COROLLA AE 70 KE70,KFRL-16,KTFS-29,,KTRL-34,KTRS-30,,,,
85-5/89,COROLLA AE 80 82 SINGLE CAM,KDRL-50,KTFS-80,,KTRL-52,KTRL-86,,,,
86-5/89,COROLLA AE 82 TWIN CAM,KTFL-45,KTFS-45,,KTRL-52,KTRL-86,,,,
83-86,COROLLA AE 86 SPRINTER,KTFL-33,KTFS-33,,KTRL-34,KTRS-30,,,,
6/89-8/94,COROLLA AE 92 93 94,KTFL-45,KTFS-45,,KTRL-86,KTRS-36,,,,
9/94-11/01,COROLLA AE 101 102 112,KTFL-45,KTFS-45,,KTRL-82,KTRS-82,,,,
12/01-4/07,COROLLA ZZE122,KTFL-105,,,KTRL-106,KTRS-106,,,,
5/07 ON,COROLLA ZRE152R ZRE182,KTFL-119,,,KTRL-120,KTRS-120,,,,
10/79-7/83,CORONA XT130 RT132,KTFL-14,KTFS-14,,KTRL-15,KTRS-15,,,,
8/83-87,CORONA ST 141 SEDAN,KTFL-26A,KTFS-26,,KTRL-15,KTRS-15,,,,
8/83-87,CORONA ST 141 WAGON,KTFL-26A,KTFS-26,,KTRL-25,KTRS-25,,,,
10/88-93,CRESSIDA MX 83,KTFL-76,KTFS-76,,KTRL-77,KTRS-77,,,,
99-05,ECHO NCP10R NCP12R,KTFL-96,,,KTRL-97,,,,,
03-4/07,KLUGER MCU20R,KTFL-111,,KTFR-111,KTRL-112,,KTRR-112,,,
5/07 ON,KLUGER GSU 40 FWD,,,KTFR-132,,,KTRR-133,,,
5/07 ON,KLUGER GSU 45 AWD,,,KTFR-132SP,,,KTRR-133,,,
90-8/91,LANDCRUISER 80 SER,,,KTFS-69,KTFR-69,,KTRS-70,KTRR-70,,
9/91-06,LANDCRUISER 80 100 SER,,KTFS-94,KTFS-69,,KTRS-95,KTRS-70,,,
07 ON,LANDCRUISER 200 SER,KTFL-130,KTFS-130,KTFR-130,KTRL-131,KTRS-131,KTRR-131,,,
96-03,LANDCRUISER PRADO 90,KTFL-58,KTFS-58,KTFR-58,KTRL-59,KTRS-59,KTRR-59,,,
2/03 ON,LANDCRUISER PRADO 120 150,KTFS-58,KTFS-101,KTFR-101,KTRL-102,KTRS-102,KTRR-102,,,
85-89,MR2 AW 11,KTFL-83,,,KTRL-86,,,,,
1/90-12/99,MR2 SW 20,KTFL-87,,,KTRL-11,KHRS-07,,,,
94-6/00,RAV4 SWB SXA10R,KTFL-43,,KTFR-43,KTRL-44,,KFFL-03,,,
7/00-05,RAV4 SWB LWB ACA20R,KTFL-43,,KTFR-43,KTRL-46,,KTRR-46,,,
1/06 ON,RAV4 LWB ACA33R,KTFL-117,,KTFR-117,KTRL-118,,KTRR-118,,,
83-88,SUPRA MA 61,KTFL-31,KTFS-31,,KTRL-27,KTRS-27,,,,
86-92,SUPRA MA 70 71,KTFL-24,KTFS-24,,KTRL-71,KTRS-71,,,,
93-98,SUPRA JZA80,KTFL-72,KTFL-109,,KTRL-73,KDFL-116,,,,
96-99,STARLET EP 90 91,KTFL-54,,,KTRL-55,KTRS-55,,,,
10/05 ON,YARIS NCP90R NCP91R,KTFL-19,,,KTRL-55,KTRS-55,,,,
TRIUMPH,,,,,,,,,,
64-75,2000 MK 1,,KTFS-01,,,KTRS-02,,,,
69-77,2500 MKII,,KTFS-01,,,KTRS-03,,,,
69-77,STAG,,KTFS-01,,,KTRS-03,,,,
VW,,,,,,,,,,
2011 ON,AMAROK,,,KVFR-22,,,,,,
76-83,GOLF PETROL,KVFL-11,KVFS-11,,KVRL-12,KVRS-12,,,,
9/98-6/04,GOLF 4TH GEN,KVFL-16,,,KARL-14,,,,,
00-06,BEETLE 9C MY03,KVFL-16,,,KVRL-17,,,,,
02-08,TOUAREG,,KVFS-20,,,KVRS-21,,,,
8/04 ON,TRANSPORTER T5,,,KVFR-19,,,KVRR-18,,,
VOLVO,,,,,,,,,,
74-89,240 242 244 264,KVFL-04,KVFS-04,,KVRL-07,KVRS-02,,,,
74-89,240 245 265 WAGON,KVFL-04,KVFS-04,,KVRS-07,KVRS-05,,,,
82-93,740 760 940 LIVE AXLE,KVFL-08,KVFS-08,,KVRL-07SL,KVRL-07,,,,
82-93,740 760 940 IRS,KVFL-08,KVFS-08,,,KDRL-31,,,,
